name,group,vote,Genre,Âge,District,affairVoteId
Matteo ABÄCHERLI,CVPO,Non/Nein,H,32,Visp,20200904124312
Claudia ALPIGER,ZUK-VS,Oui/Ja,F,31,Brig,20200904124312
Romano AMACKER,SVPO,Oui/Ja,H,23,Westlich Raron,20200904124312
Maria ARNOLD-ESCHER,CVPO,Non/Nein,F,57,Brig,20200904124312
Peter BÄHLER,SVPO,Oui/Ja,H,67,Goms,20200904124312
Gabrielle BARRAS,UDC,Oui/Ja,F,57,Sion,20200904124312
Fabrice BENDER,VLR,Oui/Ja,H,51,St-Maurice,20200904124312
Léonard BENDER,AC,Oui/Ja,H,52,Martigny,20200904124312
Claudy BESSE,UDC,Oui/Ja,H,56,Monthey,20200904124312
Vincent BOAND,UDC,Oui/Ja,H,35,Sion,20200904124312
Jean BONNARD,AC,Non/Nein,H,71,Sion,20200904124312
Alex BONVIN,UDC,Oui/Ja,H,61,Sierre,20200904124312
Nicolas BONVIN,PDC,Non/Nein,H,31,Sierre,20200904124312
Sophie BORNET,PDC,Non/Nein,F,52,Conthey,20200904124312
Gaël BOURGEOIS,AdG,Oui/Ja,H,37,Martigny,20200904124312
Hermann BRUNNER,CSPO,Non/Nein,H,66,Westlich Raron,20200904124312
Michael BURGENER,CVPO,Non/Nein,H,39,Visp,20200904124312
Paul BURGENER,CVPO,Non/Nein,H,67,Visp,20200904124312
Peter BURRI,ZUK-VS,Non/Nein,H,55,Visp,20200904124312
Mathieu CALOZ,VLR,Non/Nein,H,27,Sierre,20200904124312
Chantal CARLEN,CVPO,Non/Nein,F,28,Goms,20200904124312
Florine CARRON,LES VERTS,Oui/Ja,F,42,Martigny,20200904124312
Florence CARRON DARBELLAY,PDC,Non/Nein,F,47,Martigny,20200904124312
Patricia CASAYS,PDC,Non/Nein,F,73,Monthey,20200904124312
Nicolas CHABLAIS,VLR,Oui/Ja,H,32,Monthey,20200904124312
Jean-Dominique CIPOLLA,UDC,Oui/Ja,H,73,Martigny,20200904124312
Stéphane CLAVIEN,VLR,Non/Nein,H,63,Sierre,20200904124312
Damien CLERC,PDC,Non/Nein,H,39,Conthey,20200904124312
Gabrielle CORNUT-ZUFFEREY,LES VERTS,Oui/Ja,F,59,Sierre,20200904124312
Adeline CRETTENAND,VLR,Non/Nein,F,26,Martigny,20200904124312
Narcisse CRETTENAND,VLR,Oui/Ja,H,65,Martigny,20200904124312
Blaise CRETTOL,AC,Abst./Enth.,H,48,Sierre,20200904124312
Cilette CRETTON,AC,Oui/Ja,F,75,Martigny,20200904124312
Pierre DARBELLAY,PDC,Non/Nein,H,32,Entremont,20200904124312
Olivier DERIVAZ,AdG,Non/Nein,H,56,Monthey,20200904124312
Ralph DESSIMOZ,PDC,Non/Nein,H,56,Conthey,20200904124312
Arnaud DUBOIS,VLR,Non/Nein,H,35,Monthey,20200904124312
Alain DUBOSSON,UDC,Oui/Ja,H,21,Monthey,20200904124312
Corinne DUC BONVIN,AdG,Oui/Ja,F,53,Sierre,20200904124312
Sophie DUCREY,AC,Oui/Ja,F,25,Monthey,20200904124312
Marius DUMOULIN,PDC,Abst./Enth.,H,65,Sion,20200904124312
Jean-Marc DUPONT,AdG,Oui/Ja,H,62,Martigny,20200904124312
Christian ESCHER,CSPO,Non/Nein,H,41,Brig,20200904124312
Florian EVEQUOZ,AC,Oui/Ja,H,39,Conthey,20200904124312
German EYER,ZUK-VS,Abst./Enth.,H,59,Brig,20200904124312
Florent FAVRE,PDC,Abst./Enth.,H,26,Conthey,20200904124312
Sandro FONTANA,PDC,Abst./Enth.,H,54,Monthey,20200904124312
Jérôme FORMAZ,UDC,Oui/Ja,H,44,Entremont,20200904124312
Sabine FOURNIER,LES VERTS,Oui/Ja,F,45,St-Maurice,20200904124312
Damien FUMEAUX,UDC,Oui/Ja,H,22,Conthey,20200904124312
Pascale FUMEAUX,AC,Abst./Enth.,F,38,Conthey,20200904124312
Claudia GAILLARD MOREND,LES VERTS,Oui/Ja,F,54,Hérens,20200904124312
Marc-Antoine GENOLET,UDC,Oui/Ja,H,56,Hérens,20200904124312
François GENOUD,VLR,Non/Nein,H,68,Sierre,20200904124312
Géraldine GIANADDA,VLR,Non/Nein,F,53,Martigny,20200904124312
Géraldine GRANGES-GUENOT,UDC,Oui/Ja,F,45,Martigny,20200904124312
Vincent GÜNTHER,LES VERTS,Non/Nein,H,51,Martigny,20200904124312
Ida HÄFLIGER,CSPO,Non/Nein,F,63,Visp,20200904124312
Monika HOLZEGGER,ZUK-VS,Non/Nein,F,46,Brig,20200904124312
Lukas JÄGER,SVPO,Oui/Ja,H,65,Leuk,20200904124312
Lukas KALBERMATTEN,CVPO,Oui/Ja,H,49,Westlich Raron,20200904124312
Dominik KNUBEL,CVPO,Non/Nein,H,40,Westlich Raron,20200904124312
Michael KREUZER,SVPO,Oui/Ja,H,31,Visp,20200904124312
Ralph KUMMER,SVPO,Abst./Enth.,H,42,Brig,20200904124312
Madeleine KUONEN-EGGO,ZUK-VS,Oui/Ja,F,61,Leuk,20200904124312
Alain LÉGER,PDC,Oui/Ja,H,42,Martigny,20200904124312
Jean-François LOVEY,AC,Non/Nein,H,65,Entremont,20200904124312
Damien LUISIER,PDC,Non/Nein,H,27,Martigny,20200904124312
Natacha MARET,PDC,Non/Nein,F,37,Entremont,20200904124312
Rainer MATHIER,CVPO,Oui/Ja,H,63,Leuk,20200904124312
Thomas MATTER,CSPO,Non/Nein,H,54,Leuk,20200904124312
Kamy MAY,PDC,Non/Nein,F,26,Entremont,20200904124312
Nicolas METTAN,PDC,Non/Nein,H,59,St-Maurice,20200904124312
Fabienne MURMANN,CVPO,Abst./Enth.,F,39,Leuk,20200904124312
Jean-Daniel NANCHEN,LES VERTS,Oui/Ja,H,63,Sierre,20200904124312
Claude NANÇOZ,VLR,Oui/Ja,H,68,Conthey,20200904124312
Bernard OBERHOLZER,AC,Oui/Ja,H,75,Monthey,20200904124312
Edmond PERRUCHOUD,UDC,Oui/Ja,H,73,Sierre,20200904124312
Frédéric PITTELOUD,PDC,Non/Nein,H,45,Hérens,20200904124312
Emilie PRAZ,AC,Oui/Ja,F,34,Sion,20200904124312
François QUENNOZ,UDC,Oui/Ja,H,27,Sion,20200904124312
Damien RABOUD,UDC,Oui/Ja,H,34,Monthey,20200904124312
Pierre-Alain RAEMY,VLR,Non/Nein,H,59,Sion,20200904124312
Célina RAMSAUER,AC,Oui/Ja,F,44,Sierre,20200904124312
Kurt REGOTZ,CSPO,Non/Nein,H,67,Brig,20200904124312
Jean-Pierre REY,VLR,Oui/Ja,H,57,Sierre,20200904124312
Caroline REYNARD,AdG,Oui/Ja,F,24,Sion,20200904124312
Janine REY-SIGGEN,AdG,Oui/Ja,F,60,Sierre,20200904124312
Yann RODUIT,PDC,Non/Nein,H,46,Sion,20200904124312
Martine ROUILLER,AC,Oui/Ja,F,38,St-Maurice,20200904124312
Léa ROUILLER DESSIMOZ,LES VERTS,Oui/Ja,F,20,Conthey,20200904124312
Christine ROUX,PDC,Non/Nein,F,58,Sion,20200904124312
Gérard SALAMIN,PDC,Oui/Ja,H,57,Sierre,20200904124312
Mathieu SARRASIN,VLR,Non/Nein,H,59,Entremont,20200904124312
Jean-Marc SAVIOZ,PDC,Non/Nein,H,50,Sierre,20200904124312
Pierre SCHERTENLEIB,AdG,Abst./Enth.,H,67,Sion,20200904124312
Flavio SCHMID,CSPO,Non/Nein,H,35,Visp,20200904124312
Gerhard SCHMID,CVPO,Oui/Ja,H,72,Östlich Raron,20200904124312
Remo SCHNYDER,SVPO,Oui/Ja,H,46,Brig,20200904124312
Alain SCHÖNBETT,VLR,Oui/Ja,H,65,Monthey,20200904124312
Martin SCHÜRCH,CVPO,Abst./Enth.,H,48,Visp,20200904124312
Ruth STALDER,VLR,Non/Nein,F,58,Sion,20200904124312
Fabien THETAZ,AdG,Non/Nein,H,34,Monthey,20200904124312
Bernard TROILLET,PDC,Non/Nein,H,66,Martigny,20200904124312
Jean-Baptiste UDRESSY,UDC,Oui/Ja,H,27,Monthey,20200904124312
Romain UDRY,VLR,Abst./Enth.,H,28,Conthey,20200904124312
Grégoire VANNAY,PDC,Oui/Ja,H,50,Monthey,20200904124312
Georges VIONNET,LES VERTS,Oui/Ja,H,66,Monthey,20200904124312
Jenny VOEFFRAY,PDC,Oui/Ja,F,46,St-Maurice,20200904124312
Laurence VUAGNIAUX,LES VERTS,Oui/Ja,F,45,Sion,20200904124312
Côme VUILLE,VLR,Non/Nein,H,33,Monthey,20200904124312
Rafael WELSCHEN,CVPO,Non/Nein,H,32,Brig,20200904124312
Leander WILLINER,CSPO,Abst./Enth.,H,67,Brig,20200904124312
Jean ZERMATTEN,AC,Abst./Enth.,H,72,Sion,20200904124312
Rahel ZIMMERMANN,ZUK-VS,Oui/Ja,F,35,Visp,20200904124312
Marie ZUCHUAT,PDC,Non/Nein,F,33,Sion,20200904124312
Fabian ZURBRIGGEN,SVPO,Oui/Ja,H,46,Visp,20200904124312
Danica ZURBRIGGEN LEHNER,CSPO,Non/Nein,F,40,Visp,20200904124312
Philippe BENDER,VLR,Aucun/Keine,H,70,Martigny,20200904124312
Jacques BLANC,AC,Aucun/Keine,H,66,Hérens,20200904124312
Lucile CURDY,AdG,Aucun/Keine,F,21,Conthey,20200904124312
Alina DARBELLAY,LES VERTS,Aucun/Keine,F,53,Sion,20200904124312
Mélanie FOLLONIER,VLR,Aucun/Keine,F,28,Hérens,20200904124312
Christelle HERITIER,VLR,Aucun/Keine,F,35,Sion,20200904124312
Vincent LUYET,AC,Aucun/Keine,H,43,Sion,20200904124312
Natascha MÖRI,VLR,Aucun/Keine,F,38,Martigny,20200904124312
Géraldine POUGET-ZUFFEREY,PDC,Aucun/Keine,F,30,Sierre,20200904124312
Johan ROCHEL,AC,Aucun/Keine,H,36,Monthey,20200904124312
Felix RUPPEN,CVPO,Aucun/Keine,H,59,Brig,20200904124312
Joséphine WAEBER,PDC,Aucun/Keine,F,35,Sierre,20200904124312
