name,group,vote,Genre,Âge,District,affairVoteId
Matteo ABÄCHERLI,CVPO,Non/Nein,H,32,Visp,20200903110416
Claudia ALPIGER,ZUK-VS,Non/Nein,F,31,Brig,20200903110416
Romano AMACKER,SVPO,Non/Nein,H,23,Westlich Raron,20200903110416
Maria ARNOLD-ESCHER,CVPO,Oui/Ja,F,57,Brig,20200903110416
Peter BÄHLER,SVPO,Non/Nein,H,67,Goms,20200903110416
Gabrielle BARRAS,UDC,Non/Nein,F,57,Sion,20200903110416
Fabrice BENDER,VLR,Oui/Ja,H,51,St-Maurice,20200903110416
Léonard BENDER,AC,Oui/Ja,H,52,Martigny,20200903110416
Philippe BENDER,VLR,Oui/Ja,H,70,Martigny,20200903110416
Claudy BESSE,UDC,Non/Nein,H,56,Monthey,20200903110416
Vincent BOAND,UDC,Non/Nein,H,35,Sion,20200903110416
Jean BONNARD,AC,Oui/Ja,H,71,Sion,20200903110416
Alex BONVIN,UDC,Non/Nein,H,61,Sierre,20200903110416
Nicolas BONVIN,PDC,Non/Nein,H,31,Sierre,20200903110416
Sophie BORNET,PDC,Non/Nein,F,52,Conthey,20200903110416
Gaël BOURGEOIS,AdG,Oui/Ja,H,37,Martigny,20200903110416
Hermann BRUNNER,CSPO,Oui/Ja,H,66,Westlich Raron,20200903110416
Michael BURGENER,CVPO,Non/Nein,H,39,Visp,20200903110416
Paul BURGENER,CVPO,Non/Nein,H,67,Visp,20200903110416
Peter BURRI,ZUK-VS,Non/Nein,H,55,Visp,20200903110416
Mathieu CALOZ,VLR,Oui/Ja,H,27,Sierre,20200903110416
Chantal CARLEN,CVPO,Non/Nein,F,28,Goms,20200903110416
Florine CARRON,LES VERTS,Oui/Ja,F,42,Martigny,20200903110416
Florence CARRON DARBELLAY,PDC,Non/Nein,F,47,Martigny,20200903110416
Patricia CASAYS,PDC,Oui/Ja,F,73,Monthey,20200903110416
Nicolas CHABLAIS,VLR,Oui/Ja,H,32,Monthey,20200903110416
Jean-Dominique CIPOLLA,UDC,Non/Nein,H,73,Martigny,20200903110416
Stéphane CLAVIEN,VLR,Oui/Ja,H,63,Sierre,20200903110416
Damien CLERC,PDC,Non/Nein,H,39,Conthey,20200903110416
Gabrielle CORNUT-ZUFFEREY,LES VERTS,Oui/Ja,F,59,Sierre,20200903110416
Adeline CRETTENAND,VLR,Oui/Ja,F,26,Martigny,20200903110416
Narcisse CRETTENAND,VLR,Oui/Ja,H,65,Martigny,20200903110416
Blaise CRETTOL,AC,Oui/Ja,H,48,Sierre,20200903110416
Cilette CRETTON,AC,Oui/Ja,F,75,Martigny,20200903110416
Alina DARBELLAY,LES VERTS,Oui/Ja,F,53,Sion,20200903110416
Pierre DARBELLAY,PDC,Non/Nein,H,32,Entremont,20200903110416
Olivier DERIVAZ,AdG,Oui/Ja,H,56,Monthey,20200903110416
Ralph DESSIMOZ,PDC,Non/Nein,H,56,Conthey,20200903110416
Arnaud DUBOIS,VLR,Oui/Ja,H,35,Monthey,20200903110416
Alain DUBOSSON,UDC,Non/Nein,H,21,Monthey,20200903110416
Sophie DUCREY,AC,Oui/Ja,F,25,Monthey,20200903110416
Marius DUMOULIN,PDC,Non/Nein,H,65,Sion,20200903110416
Jean-Marc DUPONT,AdG,Oui/Ja,H,62,Martigny,20200903110416
Christian ESCHER,CSPO,Oui/Ja,H,41,Brig,20200903110416
German EYER,ZUK-VS,Non/Nein,H,59,Brig,20200903110416
Florent FAVRE,PDC,Non/Nein,H,26,Conthey,20200903110416
Sandro FONTANA,PDC,Non/Nein,H,54,Monthey,20200903110416
Jérôme FORMAZ,UDC,Non/Nein,H,44,Entremont,20200903110416
Sabine FOURNIER,LES VERTS,Oui/Ja,F,45,St-Maurice,20200903110416
Damien FUMEAUX,UDC,Non/Nein,H,22,Conthey,20200903110416
Pascale FUMEAUX,AC,Abst./Enth.,F,38,Conthey,20200903110416
Claudia GAILLARD MOREND,LES VERTS,Oui/Ja,F,54,Hérens,20200903110416
Marc-Antoine GENOLET,UDC,Non/Nein,H,56,Hérens,20200903110416
François GENOUD,VLR,Oui/Ja,H,68,Sierre,20200903110416
Géraldine GIANADDA,VLR,Oui/Ja,F,53,Martigny,20200903110416
Géraldine GRANGES-GUENOT,UDC,Non/Nein,F,45,Martigny,20200903110416
Vincent GÜNTHER,LES VERTS,Oui/Ja,H,51,Martigny,20200903110416
Ida HÄFLIGER,CSPO,Oui/Ja,F,63,Visp,20200903110416
Monika HOLZEGGER,ZUK-VS,Oui/Ja,F,46,Brig,20200903110416
Lukas JÄGER,SVPO,Non/Nein,H,65,Leuk,20200903110416
Lukas KALBERMATTEN,CVPO,Non/Nein,H,49,Westlich Raron,20200903110416
Dominik KNUBEL,CVPO,Oui/Ja,H,40,Westlich Raron,20200903110416
Michael KREUZER,SVPO,Non/Nein,H,31,Visp,20200903110416
Ralph KUMMER,SVPO,Non/Nein,H,42,Brig,20200903110416
Madeleine KUONEN-EGGO,ZUK-VS,Non/Nein,F,61,Leuk,20200903110416
Alain LÉGER,PDC,Non/Nein,H,42,Martigny,20200903110416
Jean-François LOVEY,AC,Oui/Ja,H,65,Entremont,20200903110416
Damien LUISIER,PDC,Non/Nein,H,27,Martigny,20200903110416
Vincent LUYET,AC,Oui/Ja,H,43,Sion,20200903110416
Natacha MARET,PDC,Non/Nein,F,37,Entremont,20200903110416
Rainer MATHIER,CVPO,Oui/Ja,H,63,Leuk,20200903110416
Thomas MATTER,CSPO,Oui/Ja,H,54,Leuk,20200903110416
Kamy MAY,PDC,Non/Nein,F,26,Entremont,20200903110416
Nicolas METTAN,PDC,Non/Nein,H,59,St-Maurice,20200903110416
Natascha MÖRI,VLR,Oui/Ja,F,38,Martigny,20200903110416
Fabienne MURMANN,CVPO,Oui/Ja,F,39,Leuk,20200903110416
Jean-Daniel NANCHEN,LES VERTS,Oui/Ja,H,63,Sierre,20200903110416
Claude NANÇOZ,VLR,Non/Nein,H,68,Conthey,20200903110416
Bernard OBERHOLZER,AC,Oui/Ja,H,75,Monthey,20200903110416
Frédéric PITTELOUD,PDC,Non/Nein,H,45,Hérens,20200903110416
Emilie PRAZ,AC,Oui/Ja,F,34,Sion,20200903110416
François QUENNOZ,UDC,Non/Nein,H,27,Sion,20200903110416
Damien RABOUD,UDC,Non/Nein,H,34,Monthey,20200903110416
Pierre-Alain RAEMY,VLR,Oui/Ja,H,59,Sion,20200903110416
Célina RAMSAUER,AC,Oui/Ja,F,44,Sierre,20200903110416
Kurt REGOTZ,CSPO,Oui/Ja,H,67,Brig,20200903110416
Jean-Pierre REY,VLR,Oui/Ja,H,57,Sierre,20200903110416
Caroline REYNARD,AdG,Oui/Ja,F,24,Sion,20200903110416
Janine REY-SIGGEN,AdG,Oui/Ja,F,60,Sierre,20200903110416
Johan ROCHEL,AC,Non/Nein,H,36,Monthey,20200903110416
Yann RODUIT,PDC,Non/Nein,H,46,Sion,20200903110416
Martine ROUILLER,AC,Oui/Ja,F,38,St-Maurice,20200903110416
Léa ROUILLER DESSIMOZ,LES VERTS,Oui/Ja,F,20,Conthey,20200903110416
Christine ROUX,PDC,Non/Nein,F,58,Sion,20200903110416
Gérard SALAMIN,PDC,Non/Nein,H,57,Sierre,20200903110416
Mathieu SARRASIN,VLR,Non/Nein,H,59,Entremont,20200903110416
Jean-Marc SAVIOZ,PDC,Non/Nein,H,50,Sierre,20200903110416
Pierre SCHERTENLEIB,AdG,Oui/Ja,H,67,Sion,20200903110416
Flavio SCHMID,CSPO,Non/Nein,H,35,Visp,20200903110416
Gerhard SCHMID,CVPO,Non/Nein,H,72,Östlich Raron,20200903110416
Remo SCHNYDER,SVPO,Non/Nein,H,46,Brig,20200903110416
Alain SCHÖNBETT,VLR,Oui/Ja,H,65,Monthey,20200903110416
Martin SCHÜRCH,CVPO,Oui/Ja,H,48,Visp,20200903110416
Ruth STALDER,VLR,Oui/Ja,F,58,Sion,20200903110416
Fabien THETAZ,AdG,Oui/Ja,H,34,Monthey,20200903110416
Bernard TROILLET,PDC,Non/Nein,H,66,Martigny,20200903110416
Jean-Baptiste UDRESSY,UDC,Oui/Ja,H,27,Monthey,20200903110416
Romain UDRY,VLR,Oui/Ja,H,28,Conthey,20200903110416
Grégoire VANNAY,PDC,Non/Nein,H,50,Monthey,20200903110416
Georges VIONNET,LES VERTS,Oui/Ja,H,66,Monthey,20200903110416
Jenny VOEFFRAY,PDC,Abst./Enth.,F,46,St-Maurice,20200903110416
Laurence VUAGNIAUX,LES VERTS,Oui/Ja,F,45,Sion,20200903110416
Côme VUILLE,VLR,Oui/Ja,H,33,Monthey,20200903110416
Joséphine WAEBER,PDC,Non/Nein,F,35,Sierre,20200903110416
Rafael WELSCHEN,CVPO,Non/Nein,H,32,Brig,20200903110416
Leander WILLINER,CSPO,Non/Nein,H,67,Brig,20200903110416
Jean ZERMATTEN,AC,Oui/Ja,H,72,Sion,20200903110416
Rahel ZIMMERMANN,ZUK-VS,Non/Nein,F,35,Visp,20200903110416
Marie ZUCHUAT,PDC,Non/Nein,F,33,Sion,20200903110416
Fabian ZURBRIGGEN,SVPO,Oui/Ja,H,46,Visp,20200903110416
Danica ZURBRIGGEN LEHNER,CSPO,Non/Nein,F,40,Visp,20200903110416
Jacques BLANC,AC,Aucun/Keine,H,66,Hérens,20200903110416
Lucile CURDY,AdG,Aucun/Keine,F,21,Conthey,20200903110416
Corinne DUC BONVIN,AdG,Aucun/Keine,F,53,Sierre,20200903110416
Florian EVEQUOZ,AC,Aucun/Keine,H,39,Conthey,20200903110416
Mélanie FOLLONIER,VLR,Aucun/Keine,F,28,Hérens,20200903110416
Christelle HERITIER,VLR,Aucun/Keine,F,35,Sion,20200903110416
Edmond PERRUCHOUD,UDC,Aucun/Keine,H,73,Sierre,20200903110416
Géraldine POUGET-ZUFFEREY,PDC,Aucun/Keine,F,30,Sierre,20200903110416
Felix RUPPEN,CVPO,Aucun/Keine,H,59,Brig,20200903110416
