name,group,vote,Genre,Âge,District,affairVoteId
Matteo ABÄCHERLI,CVPO,Non/Nein,H,32,Visp,20200904103712
Claudia ALPIGER,ZUK-VS,Oui/Ja,F,31,Brig,20200904103712
Romano AMACKER,SVPO,Non/Nein,H,23,Westlich Raron,20200904103712
Maria ARNOLD-ESCHER,CVPO,Non/Nein,F,57,Brig,20200904103712
Peter BÄHLER,SVPO,Non/Nein,H,67,Goms,20200904103712
Gabrielle BARRAS,UDC,Non/Nein,F,57,Sion,20200904103712
Fabrice BENDER,VLR,Non/Nein,H,51,St-Maurice,20200904103712
Léonard BENDER,AC,Oui/Ja,H,52,Martigny,20200904103712
Philippe BENDER,VLR,Non/Nein,H,70,Martigny,20200904103712
Claudy BESSE,UDC,Non/Nein,H,56,Monthey,20200904103712
Vincent BOAND,UDC,Non/Nein,H,35,Sion,20200904103712
Jean BONNARD,AC,Oui/Ja,H,71,Sion,20200904103712
Alex BONVIN,UDC,Non/Nein,H,61,Sierre,20200904103712
Nicolas BONVIN,PDC,Non/Nein,H,31,Sierre,20200904103712
Sophie BORNET,PDC,Non/Nein,F,52,Conthey,20200904103712
Gaël BOURGEOIS,AdG,Non/Nein,H,37,Martigny,20200904103712
Hermann BRUNNER,CSPO,Non/Nein,H,66,Westlich Raron,20200904103712
Michael BURGENER,CVPO,Non/Nein,H,39,Visp,20200904103712
Paul BURGENER,CVPO,Non/Nein,H,67,Visp,20200904103712
Peter BURRI,ZUK-VS,Non/Nein,H,55,Visp,20200904103712
Mathieu CALOZ,VLR,Oui/Ja,H,27,Sierre,20200904103712
Chantal CARLEN,CVPO,Non/Nein,F,28,Goms,20200904103712
Florine CARRON,LES VERTS,Abst./Enth.,F,42,Martigny,20200904103712
Florence CARRON DARBELLAY,PDC,Non/Nein,F,47,Martigny,20200904103712
Patricia CASAYS,PDC,Non/Nein,F,73,Monthey,20200904103712
Nicolas CHABLAIS,VLR,Non/Nein,H,32,Monthey,20200904103712
Jean-Dominique CIPOLLA,UDC,Non/Nein,H,73,Martigny,20200904103712
Stéphane CLAVIEN,VLR,Oui/Ja,H,63,Sierre,20200904103712
Damien CLERC,PDC,Non/Nein,H,39,Conthey,20200904103712
Gabrielle CORNUT-ZUFFEREY,LES VERTS,Oui/Ja,F,59,Sierre,20200904103712
Adeline CRETTENAND,VLR,Abst./Enth.,F,26,Martigny,20200904103712
Narcisse CRETTENAND,VLR,Non/Nein,H,65,Martigny,20200904103712
Blaise CRETTOL,AC,Non/Nein,H,48,Sierre,20200904103712
Cilette CRETTON,AC,Oui/Ja,F,75,Martigny,20200904103712
Alina DARBELLAY,LES VERTS,Non/Nein,F,53,Sion,20200904103712
Pierre DARBELLAY,PDC,Non/Nein,H,32,Entremont,20200904103712
Olivier DERIVAZ,AdG,Non/Nein,H,56,Monthey,20200904103712
Ralph DESSIMOZ,PDC,Non/Nein,H,56,Conthey,20200904103712
Arnaud DUBOIS,VLR,Oui/Ja,H,35,Monthey,20200904103712
Alain DUBOSSON,UDC,Non/Nein,H,21,Monthey,20200904103712
Corinne DUC BONVIN,AdG,Non/Nein,F,53,Sierre,20200904103712
Sophie DUCREY,AC,Oui/Ja,F,25,Monthey,20200904103712
Marius DUMOULIN,PDC,Non/Nein,H,65,Sion,20200904103712
Jean-Marc DUPONT,AdG,Non/Nein,H,62,Martigny,20200904103712
Christian ESCHER,CSPO,Non/Nein,H,41,Brig,20200904103712
Florian EVEQUOZ,AC,Oui/Ja,H,39,Conthey,20200904103712
German EYER,ZUK-VS,Non/Nein,H,59,Brig,20200904103712
Florent FAVRE,PDC,Non/Nein,H,26,Conthey,20200904103712
Sandro FONTANA,PDC,Non/Nein,H,54,Monthey,20200904103712
Jérôme FORMAZ,UDC,Non/Nein,H,44,Entremont,20200904103712
Sabine FOURNIER,LES VERTS,Oui/Ja,F,45,St-Maurice,20200904103712
Damien FUMEAUX,UDC,Non/Nein,H,22,Conthey,20200904103712
Pascale FUMEAUX,AC,Oui/Ja,F,38,Conthey,20200904103712
Claudia GAILLARD MOREND,LES VERTS,Non/Nein,F,54,Hérens,20200904103712
Marc-Antoine GENOLET,UDC,Non/Nein,H,56,Hérens,20200904103712
François GENOUD,VLR,Non/Nein,H,68,Sierre,20200904103712
Géraldine GIANADDA,VLR,Oui/Ja,F,53,Martigny,20200904103712
Géraldine GRANGES-GUENOT,UDC,Non/Nein,F,45,Martigny,20200904103712
Vincent GÜNTHER,LES VERTS,Oui/Ja,H,51,Martigny,20200904103712
Ida HÄFLIGER,CSPO,Non/Nein,F,63,Visp,20200904103712
Monika HOLZEGGER,ZUK-VS,Non/Nein,F,46,Brig,20200904103712
Lukas JÄGER,SVPO,Non/Nein,H,65,Leuk,20200904103712
Lukas KALBERMATTEN,CVPO,Non/Nein,H,49,Westlich Raron,20200904103712
Dominik KNUBEL,CVPO,Non/Nein,H,40,Westlich Raron,20200904103712
Michael KREUZER,SVPO,Oui/Ja,H,31,Visp,20200904103712
Ralph KUMMER,SVPO,Abst./Enth.,H,42,Brig,20200904103712
Madeleine KUONEN-EGGO,ZUK-VS,Non/Nein,F,61,Leuk,20200904103712
Alain LÉGER,PDC,Non/Nein,H,42,Martigny,20200904103712
Jean-François LOVEY,AC,Oui/Ja,H,65,Entremont,20200904103712
Damien LUISIER,PDC,Non/Nein,H,27,Martigny,20200904103712
Natacha MARET,PDC,Non/Nein,F,37,Entremont,20200904103712
Rainer MATHIER,CVPO,Non/Nein,H,63,Leuk,20200904103712
Thomas MATTER,CSPO,Non/Nein,H,54,Leuk,20200904103712
Kamy MAY,PDC,Non/Nein,F,26,Entremont,20200904103712
Nicolas METTAN,PDC,Non/Nein,H,59,St-Maurice,20200904103712
Fabienne MURMANN,CVPO,Non/Nein,F,39,Leuk,20200904103712
Jean-Daniel NANCHEN,LES VERTS,Oui/Ja,H,63,Sierre,20200904103712
Claude NANÇOZ,VLR,Abst./Enth.,H,68,Conthey,20200904103712
Bernard OBERHOLZER,AC,Oui/Ja,H,75,Monthey,20200904103712
Edmond PERRUCHOUD,UDC,Abst./Enth.,H,73,Sierre,20200904103712
Frédéric PITTELOUD,PDC,Non/Nein,H,45,Hérens,20200904103712
Emilie PRAZ,AC,Oui/Ja,F,34,Sion,20200904103712
François QUENNOZ,UDC,Non/Nein,H,27,Sion,20200904103712
Damien RABOUD,UDC,Non/Nein,H,34,Monthey,20200904103712
Pierre-Alain RAEMY,VLR,Abst./Enth.,H,59,Sion,20200904103712
Célina RAMSAUER,AC,Oui/Ja,F,44,Sierre,20200904103712
Kurt REGOTZ,CSPO,Non/Nein,H,67,Brig,20200904103712
Jean-Pierre REY,VLR,Oui/Ja,H,57,Sierre,20200904103712
Caroline REYNARD,AdG,Non/Nein,F,24,Sion,20200904103712
Janine REY-SIGGEN,AdG,Non/Nein,F,60,Sierre,20200904103712
Yann RODUIT,PDC,Non/Nein,H,46,Sion,20200904103712
Martine ROUILLER,AC,Oui/Ja,F,38,St-Maurice,20200904103712
Léa ROUILLER DESSIMOZ,LES VERTS,Abst./Enth.,F,20,Conthey,20200904103712
Christine ROUX,PDC,Non/Nein,F,58,Sion,20200904103712
Gérard SALAMIN,PDC,Non/Nein,H,57,Sierre,20200904103712
Mathieu SARRASIN,VLR,Non/Nein,H,59,Entremont,20200904103712
Jean-Marc SAVIOZ,PDC,Non/Nein,H,50,Sierre,20200904103712
Pierre SCHERTENLEIB,AdG,Non/Nein,H,67,Sion,20200904103712
Flavio SCHMID,CSPO,Non/Nein,H,35,Visp,20200904103712
Gerhard SCHMID,CVPO,Non/Nein,H,72,Östlich Raron,20200904103712
Remo SCHNYDER,SVPO,Non/Nein,H,46,Brig,20200904103712
Alain SCHÖNBETT,VLR,Non/Nein,H,65,Monthey,20200904103712
Martin SCHÜRCH,CVPO,Non/Nein,H,48,Visp,20200904103712
Ruth STALDER,VLR,Oui/Ja,F,58,Sion,20200904103712
Fabien THETAZ,AdG,Oui/Ja,H,34,Monthey,20200904103712
Bernard TROILLET,PDC,Non/Nein,H,66,Martigny,20200904103712
Jean-Baptiste UDRESSY,UDC,Non/Nein,H,27,Monthey,20200904103712
Romain UDRY,VLR,Abst./Enth.,H,28,Conthey,20200904103712
Grégoire VANNAY,PDC,Non/Nein,H,50,Monthey,20200904103712
Georges VIONNET,LES VERTS,Oui/Ja,H,66,Monthey,20200904103712
Jenny VOEFFRAY,PDC,Non/Nein,F,46,St-Maurice,20200904103712
Laurence VUAGNIAUX,LES VERTS,Oui/Ja,F,45,Sion,20200904103712
Côme VUILLE,VLR,Non/Nein,H,33,Monthey,20200904103712
Rafael WELSCHEN,CVPO,Non/Nein,H,32,Brig,20200904103712
Leander WILLINER,CSPO,Non/Nein,H,67,Brig,20200904103712
Jean ZERMATTEN,AC,Oui/Ja,H,72,Sion,20200904103712
Rahel ZIMMERMANN,ZUK-VS,Non/Nein,F,35,Visp,20200904103712
Marie ZUCHUAT,PDC,Non/Nein,F,33,Sion,20200904103712
Fabian ZURBRIGGEN,SVPO,Non/Nein,H,46,Visp,20200904103712
Danica ZURBRIGGEN LEHNER,CSPO,Non/Nein,F,40,Visp,20200904103712
Jacques BLANC,AC,Aucun/Keine,H,66,Hérens,20200904103712
Lucile CURDY,AdG,Aucun/Keine,F,21,Conthey,20200904103712
Mélanie FOLLONIER,VLR,Aucun/Keine,F,28,Hérens,20200904103712
Christelle HERITIER,VLR,Aucun/Keine,F,35,Sion,20200904103712
Vincent LUYET,AC,Aucun/Keine,H,43,Sion,20200904103712
Natascha MÖRI,VLR,Aucun/Keine,F,38,Martigny,20200904103712
Géraldine POUGET-ZUFFEREY,PDC,Aucun/Keine,F,30,Sierre,20200904103712
Johan ROCHEL,AC,Aucun/Keine,H,36,Monthey,20200904103712
Felix RUPPEN,CVPO,Aucun/Keine,H,59,Brig,20200904103712
Joséphine WAEBER,PDC,Aucun/Keine,F,35,Sierre,20200904103712
