name,group,vote,Genre,Âge,District,affairVoteId
Matteo ABÄCHERLI,CVPO,Oui/Ja,H,32,Visp,20200903112538
Claudia ALPIGER,ZUK-VS,Oui/Ja,F,31,Brig,20200903112538
Romano AMACKER,SVPO,Non/Nein,H,23,Westlich Raron,20200903112538
Maria ARNOLD-ESCHER,CVPO,Oui/Ja,F,57,Brig,20200903112538
Peter BÄHLER,SVPO,Non/Nein,H,67,Goms,20200903112538
Gabrielle BARRAS,UDC,Non/Nein,F,57,Sion,20200903112538
Fabrice BENDER,VLR,Oui/Ja,H,51,St-Maurice,20200903112538
Léonard BENDER,AC,Oui/Ja,H,52,Martigny,20200903112538
Philippe BENDER,VLR,Oui/Ja,H,70,Martigny,20200903112538
Claudy BESSE,UDC,Non/Nein,H,56,Monthey,20200903112538
Vincent BOAND,UDC,Non/Nein,H,35,Sion,20200903112538
Jean BONNARD,AC,Oui/Ja,H,71,Sion,20200903112538
Alex BONVIN,UDC,Non/Nein,H,61,Sierre,20200903112538
Nicolas BONVIN,PDC,Oui/Ja,H,31,Sierre,20200903112538
Sophie BORNET,PDC,Oui/Ja,F,52,Conthey,20200903112538
Hermann BRUNNER,CSPO,Oui/Ja,H,66,Westlich Raron,20200903112538
Michael BURGENER,CVPO,Oui/Ja,H,39,Visp,20200903112538
Paul BURGENER,CVPO,Oui/Ja,H,67,Visp,20200903112538
Peter BURRI,ZUK-VS,Non/Nein,H,55,Visp,20200903112538
Mathieu CALOZ,VLR,Oui/Ja,H,27,Sierre,20200903112538
Chantal CARLEN,CVPO,Oui/Ja,F,28,Goms,20200903112538
Florine CARRON,LES VERTS,Oui/Ja,F,42,Martigny,20200903112538
Florence CARRON DARBELLAY,PDC,Oui/Ja,F,47,Martigny,20200903112538
Patricia CASAYS,PDC,Oui/Ja,F,73,Monthey,20200903112538
Nicolas CHABLAIS,VLR,Oui/Ja,H,32,Monthey,20200903112538
Jean-Dominique CIPOLLA,UDC,Non/Nein,H,73,Martigny,20200903112538
Stéphane CLAVIEN,VLR,Oui/Ja,H,63,Sierre,20200903112538
Damien CLERC,PDC,Oui/Ja,H,39,Conthey,20200903112538
Gabrielle CORNUT-ZUFFEREY,LES VERTS,Oui/Ja,F,59,Sierre,20200903112538
Adeline CRETTENAND,VLR,Oui/Ja,F,26,Martigny,20200903112538
Narcisse CRETTENAND,VLR,Oui/Ja,H,65,Martigny,20200903112538
Blaise CRETTOL,AC,Oui/Ja,H,48,Sierre,20200903112538
Alina DARBELLAY,LES VERTS,Oui/Ja,F,53,Sion,20200903112538
Pierre DARBELLAY,PDC,Oui/Ja,H,32,Entremont,20200903112538
Olivier DERIVAZ,AdG,Oui/Ja,H,56,Monthey,20200903112538
Ralph DESSIMOZ,PDC,Oui/Ja,H,56,Conthey,20200903112538
Arnaud DUBOIS,VLR,Oui/Ja,H,35,Monthey,20200903112538
Alain DUBOSSON,UDC,Non/Nein,H,21,Monthey,20200903112538
Corinne DUC BONVIN,AdG,Oui/Ja,F,53,Sierre,20200903112538
Sophie DUCREY,AC,Oui/Ja,F,25,Monthey,20200903112538
Marius DUMOULIN,PDC,Oui/Ja,H,65,Sion,20200903112538
Jean-Marc DUPONT,AdG,Oui/Ja,H,62,Martigny,20200903112538
Christian ESCHER,CSPO,Oui/Ja,H,41,Brig,20200903112538
German EYER,ZUK-VS,Oui/Ja,H,59,Brig,20200903112538
Florent FAVRE,PDC,Oui/Ja,H,26,Conthey,20200903112538
Sandro FONTANA,PDC,Oui/Ja,H,54,Monthey,20200903112538
Jérôme FORMAZ,UDC,Non/Nein,H,44,Entremont,20200903112538
Sabine FOURNIER,LES VERTS,Oui/Ja,F,45,St-Maurice,20200903112538
Damien FUMEAUX,UDC,Non/Nein,H,22,Conthey,20200903112538
Pascale FUMEAUX,AC,Oui/Ja,F,38,Conthey,20200903112538
Claudia GAILLARD MOREND,LES VERTS,Oui/Ja,F,54,Hérens,20200903112538
Marc-Antoine GENOLET,UDC,Non/Nein,H,56,Hérens,20200903112538
François GENOUD,VLR,Oui/Ja,H,68,Sierre,20200903112538
Géraldine GIANADDA,VLR,Oui/Ja,F,53,Martigny,20200903112538
Géraldine GRANGES-GUENOT,UDC,Non/Nein,F,45,Martigny,20200903112538
Vincent GÜNTHER,LES VERTS,Oui/Ja,H,51,Martigny,20200903112538
Ida HÄFLIGER,CSPO,Oui/Ja,F,63,Visp,20200903112538
Monika HOLZEGGER,ZUK-VS,Oui/Ja,F,46,Brig,20200903112538
Lukas JÄGER,SVPO,Non/Nein,H,65,Leuk,20200903112538
Lukas KALBERMATTEN,CVPO,Oui/Ja,H,49,Westlich Raron,20200903112538
Dominik KNUBEL,CVPO,Oui/Ja,H,40,Westlich Raron,20200903112538
Michael KREUZER,SVPO,Non/Nein,H,31,Visp,20200903112538
Ralph KUMMER,SVPO,Non/Nein,H,42,Brig,20200903112538
Madeleine KUONEN-EGGO,ZUK-VS,Oui/Ja,F,61,Leuk,20200903112538
Alain LÉGER,PDC,Oui/Ja,H,42,Martigny,20200903112538
Jean-François LOVEY,AC,Oui/Ja,H,65,Entremont,20200903112538
Damien LUISIER,PDC,Oui/Ja,H,27,Martigny,20200903112538
Vincent LUYET,AC,Oui/Ja,H,43,Sion,20200903112538
Natacha MARET,PDC,Oui/Ja,F,37,Entremont,20200903112538
Rainer MATHIER,CVPO,Oui/Ja,H,63,Leuk,20200903112538
Thomas MATTER,CSPO,Oui/Ja,H,54,Leuk,20200903112538
Kamy MAY,PDC,Oui/Ja,F,26,Entremont,20200903112538
Nicolas METTAN,PDC,Oui/Ja,H,59,St-Maurice,20200903112538
Natascha MÖRI,VLR,Oui/Ja,F,38,Martigny,20200903112538
Fabienne MURMANN,CVPO,Oui/Ja,F,39,Leuk,20200903112538
Jean-Daniel NANCHEN,LES VERTS,Oui/Ja,H,63,Sierre,20200903112538
Claude NANÇOZ,VLR,Oui/Ja,H,68,Conthey,20200903112538
Bernard OBERHOLZER,AC,Oui/Ja,H,75,Monthey,20200903112538
Edmond PERRUCHOUD,UDC,Non/Nein,H,73,Sierre,20200903112538
Frédéric PITTELOUD,PDC,Oui/Ja,H,45,Hérens,20200903112538
Emilie PRAZ,AC,Oui/Ja,F,34,Sion,20200903112538
François QUENNOZ,UDC,Non/Nein,H,27,Sion,20200903112538
Damien RABOUD,UDC,Non/Nein,H,34,Monthey,20200903112538
Pierre-Alain RAEMY,VLR,Oui/Ja,H,59,Sion,20200903112538
Célina RAMSAUER,AC,Oui/Ja,F,44,Sierre,20200903112538
Kurt REGOTZ,CSPO,Oui/Ja,H,67,Brig,20200903112538
Jean-Pierre REY,VLR,Oui/Ja,H,57,Sierre,20200903112538
Caroline REYNARD,AdG,Oui/Ja,F,24,Sion,20200903112538
Janine REY-SIGGEN,AdG,Oui/Ja,F,60,Sierre,20200903112538
Johan ROCHEL,AC,Oui/Ja,H,36,Monthey,20200903112538
Yann RODUIT,PDC,Oui/Ja,H,46,Sion,20200903112538
Martine ROUILLER,AC,Oui/Ja,F,38,St-Maurice,20200903112538
Léa ROUILLER DESSIMOZ,LES VERTS,Oui/Ja,F,20,Conthey,20200903112538
Christine ROUX,PDC,Oui/Ja,F,58,Sion,20200903112538
Gérard SALAMIN,PDC,Oui/Ja,H,57,Sierre,20200903112538
Mathieu SARRASIN,VLR,Oui/Ja,H,59,Entremont,20200903112538
Jean-Marc SAVIOZ,PDC,Oui/Ja,H,50,Sierre,20200903112538
Pierre SCHERTENLEIB,AdG,Oui/Ja,H,67,Sion,20200903112538
Flavio SCHMID,CSPO,Oui/Ja,H,35,Visp,20200903112538
Gerhard SCHMID,CVPO,Oui/Ja,H,72,Östlich Raron,20200903112538
Remo SCHNYDER,SVPO,Non/Nein,H,46,Brig,20200903112538
Alain SCHÖNBETT,VLR,Oui/Ja,H,65,Monthey,20200903112538
Martin SCHÜRCH,CVPO,Oui/Ja,H,48,Visp,20200903112538
Ruth STALDER,VLR,Oui/Ja,F,58,Sion,20200903112538
Fabien THETAZ,AdG,Oui/Ja,H,34,Monthey,20200903112538
Bernard TROILLET,PDC,Oui/Ja,H,66,Martigny,20200903112538
Jean-Baptiste UDRESSY,UDC,Non/Nein,H,27,Monthey,20200903112538
Romain UDRY,VLR,Oui/Ja,H,28,Conthey,20200903112538
Grégoire VANNAY,PDC,Oui/Ja,H,50,Monthey,20200903112538
Georges VIONNET,LES VERTS,Oui/Ja,H,66,Monthey,20200903112538
Jenny VOEFFRAY,PDC,Oui/Ja,F,46,St-Maurice,20200903112538
Laurence VUAGNIAUX,LES VERTS,Oui/Ja,F,45,Sion,20200903112538
Côme VUILLE,VLR,Oui/Ja,H,33,Monthey,20200903112538
Joséphine WAEBER,PDC,Oui/Ja,F,35,Sierre,20200903112538
Rafael WELSCHEN,CVPO,Oui/Ja,H,32,Brig,20200903112538
Leander WILLINER,CSPO,Oui/Ja,H,67,Brig,20200903112538
Jean ZERMATTEN,AC,Oui/Ja,H,72,Sion,20200903112538
Rahel ZIMMERMANN,ZUK-VS,Oui/Ja,F,35,Visp,20200903112538
Marie ZUCHUAT,PDC,Oui/Ja,F,33,Sion,20200903112538
Fabian ZURBRIGGEN,SVPO,Non/Nein,H,46,Visp,20200903112538
Danica ZURBRIGGEN LEHNER,CSPO,Oui/Ja,F,40,Visp,20200903112538
Jacques BLANC,AC,Aucun/Keine,H,66,Hérens,20200903112538
Gaël BOURGEOIS,AdG,Aucun/Keine,H,37,Martigny,20200903112538
Cilette CRETTON,AC,Aucun/Keine,F,75,Martigny,20200903112538
Lucile CURDY,AdG,Aucun/Keine,F,21,Conthey,20200903112538
Florian EVEQUOZ,AC,Aucun/Keine,H,39,Conthey,20200903112538
Mélanie FOLLONIER,VLR,Aucun/Keine,F,28,Hérens,20200903112538
Christelle HERITIER,VLR,Aucun/Keine,F,35,Sion,20200903112538
Géraldine POUGET-ZUFFEREY,PDC,Aucun/Keine,F,30,Sierre,20200903112538
Felix RUPPEN,CVPO,Aucun/Keine,H,59,Brig,20200903112538
