name,group,vote,Genre,Âge,District,affairVoteId
Matteo ABÄCHERLI,CVPO,Oui/Ja,H,32,Visp,20200903112725
Claudia ALPIGER,ZUK-VS,Non/Nein,F,31,Brig,20200903112725
Romano AMACKER,SVPO,Oui/Ja,H,23,Westlich Raron,20200903112725
Maria ARNOLD-ESCHER,CVPO,Oui/Ja,F,57,Brig,20200903112725
Peter BÄHLER,SVPO,Oui/Ja,H,67,Goms,20200903112725
Gabrielle BARRAS,UDC,Oui/Ja,F,57,Sion,20200903112725
Fabrice BENDER,VLR,Oui/Ja,H,51,St-Maurice,20200903112725
Léonard BENDER,AC,Non/Nein,H,52,Martigny,20200903112725
Philippe BENDER,VLR,Oui/Ja,H,70,Martigny,20200903112725
Claudy BESSE,UDC,Oui/Ja,H,56,Monthey,20200903112725
Vincent BOAND,UDC,Oui/Ja,H,35,Sion,20200903112725
Jean BONNARD,AC,Oui/Ja,H,71,Sion,20200903112725
Alex BONVIN,UDC,Oui/Ja,H,61,Sierre,20200903112725
Nicolas BONVIN,PDC,Oui/Ja,H,31,Sierre,20200903112725
Sophie BORNET,PDC,Oui/Ja,F,52,Conthey,20200903112725
Gaël BOURGEOIS,AdG,Non/Nein,H,37,Martigny,20200903112725
Hermann BRUNNER,CSPO,Non/Nein,H,66,Westlich Raron,20200903112725
Michael BURGENER,CVPO,Oui/Ja,H,39,Visp,20200903112725
Paul BURGENER,CVPO,Oui/Ja,H,67,Visp,20200903112725
Peter BURRI,ZUK-VS,Non/Nein,H,55,Visp,20200903112725
Mathieu CALOZ,VLR,Oui/Ja,H,27,Sierre,20200903112725
Chantal CARLEN,CVPO,Oui/Ja,F,28,Goms,20200903112725
Florine CARRON,LES VERTS,Non/Nein,F,42,Martigny,20200903112725
Florence CARRON DARBELLAY,PDC,Oui/Ja,F,47,Martigny,20200903112725
Patricia CASAYS,PDC,Non/Nein,F,73,Monthey,20200903112725
Nicolas CHABLAIS,VLR,Oui/Ja,H,32,Monthey,20200903112725
Jean-Dominique CIPOLLA,UDC,Oui/Ja,H,73,Martigny,20200903112725
Stéphane CLAVIEN,VLR,Oui/Ja,H,63,Sierre,20200903112725
Damien CLERC,PDC,Oui/Ja,H,39,Conthey,20200903112725
Gabrielle CORNUT-ZUFFEREY,LES VERTS,Non/Nein,F,59,Sierre,20200903112725
Adeline CRETTENAND,VLR,Oui/Ja,F,26,Martigny,20200903112725
Narcisse CRETTENAND,VLR,Oui/Ja,H,65,Martigny,20200903112725
Blaise CRETTOL,AC,Non/Nein,H,48,Sierre,20200903112725
Alina DARBELLAY,LES VERTS,Non/Nein,F,53,Sion,20200903112725
Pierre DARBELLAY,PDC,Oui/Ja,H,32,Entremont,20200903112725
Olivier DERIVAZ,AdG,Non/Nein,H,56,Monthey,20200903112725
Ralph DESSIMOZ,PDC,Oui/Ja,H,56,Conthey,20200903112725
Arnaud DUBOIS,VLR,Oui/Ja,H,35,Monthey,20200903112725
Alain DUBOSSON,UDC,Oui/Ja,H,21,Monthey,20200903112725
Corinne DUC BONVIN,AdG,Non/Nein,F,53,Sierre,20200903112725
Sophie DUCREY,AC,Non/Nein,F,25,Monthey,20200903112725
Marius DUMOULIN,PDC,Oui/Ja,H,65,Sion,20200903112725
Jean-Marc DUPONT,AdG,Non/Nein,H,62,Martigny,20200903112725
Christian ESCHER,CSPO,Non/Nein,H,41,Brig,20200903112725
German EYER,ZUK-VS,Non/Nein,H,59,Brig,20200903112725
Florent FAVRE,PDC,Oui/Ja,H,26,Conthey,20200903112725
Sandro FONTANA,PDC,Oui/Ja,H,54,Monthey,20200903112725
Jérôme FORMAZ,UDC,Oui/Ja,H,44,Entremont,20200903112725
Sabine FOURNIER,LES VERTS,Non/Nein,F,45,St-Maurice,20200903112725
Damien FUMEAUX,UDC,Oui/Ja,H,22,Conthey,20200903112725
Pascale FUMEAUX,AC,Non/Nein,F,38,Conthey,20200903112725
Claudia GAILLARD MOREND,LES VERTS,Non/Nein,F,54,Hérens,20200903112725
Marc-Antoine GENOLET,UDC,Oui/Ja,H,56,Hérens,20200903112725
François GENOUD,VLR,Oui/Ja,H,68,Sierre,20200903112725
Géraldine GIANADDA,VLR,Non/Nein,F,53,Martigny,20200903112725
Géraldine GRANGES-GUENOT,UDC,Non/Nein,F,45,Martigny,20200903112725
Vincent GÜNTHER,LES VERTS,Non/Nein,H,51,Martigny,20200903112725
Ida HÄFLIGER,CSPO,Non/Nein,F,63,Visp,20200903112725
Monika HOLZEGGER,ZUK-VS,Oui/Ja,F,46,Brig,20200903112725
Lukas JÄGER,SVPO,Oui/Ja,H,65,Leuk,20200903112725
Lukas KALBERMATTEN,CVPO,Oui/Ja,H,49,Westlich Raron,20200903112725
Dominik KNUBEL,CVPO,Non/Nein,H,40,Westlich Raron,20200903112725
Michael KREUZER,SVPO,Oui/Ja,H,31,Visp,20200903112725
Ralph KUMMER,SVPO,Oui/Ja,H,42,Brig,20200903112725
Madeleine KUONEN-EGGO,ZUK-VS,Non/Nein,F,61,Leuk,20200903112725
Alain LÉGER,PDC,Oui/Ja,H,42,Martigny,20200903112725
Jean-François LOVEY,AC,Non/Nein,H,65,Entremont,20200903112725
Damien LUISIER,PDC,Oui/Ja,H,27,Martigny,20200903112725
Vincent LUYET,AC,Non/Nein,H,43,Sion,20200903112725
Natacha MARET,PDC,Oui/Ja,F,37,Entremont,20200903112725
Rainer MATHIER,CVPO,Oui/Ja,H,63,Leuk,20200903112725
Thomas MATTER,CSPO,Non/Nein,H,54,Leuk,20200903112725
Kamy MAY,PDC,Oui/Ja,F,26,Entremont,20200903112725
Nicolas METTAN,PDC,Non/Nein,H,59,St-Maurice,20200903112725
Natascha MÖRI,VLR,Oui/Ja,F,38,Martigny,20200903112725
Fabienne MURMANN,CVPO,Oui/Ja,F,39,Leuk,20200903112725
Jean-Daniel NANCHEN,LES VERTS,Non/Nein,H,63,Sierre,20200903112725
Claude NANÇOZ,VLR,Oui/Ja,H,68,Conthey,20200903112725
Bernard OBERHOLZER,AC,Non/Nein,H,75,Monthey,20200903112725
Edmond PERRUCHOUD,UDC,Oui/Ja,H,73,Sierre,20200903112725
Frédéric PITTELOUD,PDC,Non/Nein,H,45,Hérens,20200903112725
Emilie PRAZ,AC,Non/Nein,F,34,Sion,20200903112725
François QUENNOZ,UDC,Oui/Ja,H,27,Sion,20200903112725
Damien RABOUD,UDC,Oui/Ja,H,34,Monthey,20200903112725
Pierre-Alain RAEMY,VLR,Oui/Ja,H,59,Sion,20200903112725
Célina RAMSAUER,AC,Non/Nein,F,44,Sierre,20200903112725
Kurt REGOTZ,CSPO,Oui/Ja,H,67,Brig,20200903112725
Jean-Pierre REY,VLR,Non/Nein,H,57,Sierre,20200903112725
Caroline REYNARD,AdG,Non/Nein,F,24,Sion,20200903112725
Janine REY-SIGGEN,AdG,Non/Nein,F,60,Sierre,20200903112725
Johan ROCHEL,AC,Non/Nein,H,36,Monthey,20200903112725
Yann RODUIT,PDC,Oui/Ja,H,46,Sion,20200903112725
Martine ROUILLER,AC,Non/Nein,F,38,St-Maurice,20200903112725
Léa ROUILLER DESSIMOZ,LES VERTS,Non/Nein,F,20,Conthey,20200903112725
Gérard SALAMIN,PDC,Oui/Ja,H,57,Sierre,20200903112725
Mathieu SARRASIN,VLR,Oui/Ja,H,59,Entremont,20200903112725
Jean-Marc SAVIOZ,PDC,Oui/Ja,H,50,Sierre,20200903112725
Pierre SCHERTENLEIB,AdG,Oui/Ja,H,67,Sion,20200903112725
Flavio SCHMID,CSPO,Non/Nein,H,35,Visp,20200903112725
Remo SCHNYDER,SVPO,Abst./Enth.,H,46,Brig,20200903112725
Alain SCHÖNBETT,VLR,Oui/Ja,H,65,Monthey,20200903112725
Martin SCHÜRCH,CVPO,Oui/Ja,H,48,Visp,20200903112725
Ruth STALDER,VLR,Oui/Ja,F,58,Sion,20200903112725
Fabien THETAZ,AdG,Non/Nein,H,34,Monthey,20200903112725
Bernard TROILLET,PDC,Oui/Ja,H,66,Martigny,20200903112725
Jean-Baptiste UDRESSY,UDC,Oui/Ja,H,27,Monthey,20200903112725
Romain UDRY,VLR,Oui/Ja,H,28,Conthey,20200903112725
Grégoire VANNAY,PDC,Oui/Ja,H,50,Monthey,20200903112725
Georges VIONNET,LES VERTS,Non/Nein,H,66,Monthey,20200903112725
Jenny VOEFFRAY,PDC,Non/Nein,F,46,St-Maurice,20200903112725
Laurence VUAGNIAUX,LES VERTS,Non/Nein,F,45,Sion,20200903112725
Côme VUILLE,VLR,Oui/Ja,H,33,Monthey,20200903112725
Joséphine WAEBER,PDC,Oui/Ja,F,35,Sierre,20200903112725
Rafael WELSCHEN,CVPO,Oui/Ja,H,32,Brig,20200903112725
Leander WILLINER,CSPO,Oui/Ja,H,67,Brig,20200903112725
Jean ZERMATTEN,AC,Non/Nein,H,72,Sion,20200903112725
Rahel ZIMMERMANN,ZUK-VS,Non/Nein,F,35,Visp,20200903112725
Marie ZUCHUAT,PDC,Oui/Ja,F,33,Sion,20200903112725
Fabian ZURBRIGGEN,SVPO,Oui/Ja,H,46,Visp,20200903112725
Danica ZURBRIGGEN LEHNER,CSPO,Non/Nein,F,40,Visp,20200903112725
Jacques BLANC,AC,Aucun/Keine,H,66,Hérens,20200903112725
Cilette CRETTON,AC,Aucun/Keine,F,75,Martigny,20200903112725
Lucile CURDY,AdG,Aucun/Keine,F,21,Conthey,20200903112725
Florian EVEQUOZ,AC,Aucun/Keine,H,39,Conthey,20200903112725
Mélanie FOLLONIER,VLR,Aucun/Keine,F,28,Hérens,20200903112725
Christelle HERITIER,VLR,Aucun/Keine,F,35,Sion,20200903112725
Géraldine POUGET-ZUFFEREY,PDC,Aucun/Keine,F,30,Sierre,20200903112725
Christine ROUX,PDC,Aucun/Keine,F,58,Sion,20200903112725
Felix RUPPEN,CVPO,Aucun/Keine,H,59,Brig,20200903112725
Gerhard SCHMID,CVPO,Aucun/Keine,H,72,Östlich Raron,20200903112725
