name,group,vote,Genre,Âge,District,affairVoteId
Matteo ABÄCHERLI,CVPO,Non/Nein,H,32,Visp,20200904121000
Claudia ALPIGER,ZUK-VS,Oui/Ja,F,31,Brig,20200904121000
Romano AMACKER,SVPO,Non/Nein,H,23,Westlich Raron,20200904121000
Maria ARNOLD-ESCHER,CVPO,Non/Nein,F,57,Brig,20200904121000
Peter BÄHLER,SVPO,Non/Nein,H,67,Goms,20200904121000
Gabrielle BARRAS,UDC,Non/Nein,F,57,Sion,20200904121000
Fabrice BENDER,VLR,Abst./Enth.,H,51,St-Maurice,20200904121000
Léonard BENDER,AC,Abst./Enth.,H,52,Martigny,20200904121000
Philippe BENDER,VLR,Non/Nein,H,70,Martigny,20200904121000
Claudy BESSE,UDC,Non/Nein,H,56,Monthey,20200904121000
Vincent BOAND,UDC,Non/Nein,H,35,Sion,20200904121000
Jean BONNARD,AC,Oui/Ja,H,71,Sion,20200904121000
Alex BONVIN,UDC,Non/Nein,H,61,Sierre,20200904121000
Nicolas BONVIN,PDC,Abst./Enth.,H,31,Sierre,20200904121000
Gaël BOURGEOIS,AdG,Oui/Ja,H,37,Martigny,20200904121000
Hermann BRUNNER,CSPO,Oui/Ja,H,66,Westlich Raron,20200904121000
Michael BURGENER,CVPO,Non/Nein,H,39,Visp,20200904121000
Paul BURGENER,CVPO,Non/Nein,H,67,Visp,20200904121000
Peter BURRI,ZUK-VS,Oui/Ja,H,55,Visp,20200904121000
Mathieu CALOZ,VLR,Abst./Enth.,H,27,Sierre,20200904121000
Chantal CARLEN,CVPO,Non/Nein,F,28,Goms,20200904121000
Florine CARRON,LES VERTS,Oui/Ja,F,42,Martigny,20200904121000
Florence CARRON DARBELLAY,PDC,Abst./Enth.,F,47,Martigny,20200904121000
Patricia CASAYS,PDC,Abst./Enth.,F,73,Monthey,20200904121000
Nicolas CHABLAIS,VLR,Abst./Enth.,H,32,Monthey,20200904121000
Jean-Dominique CIPOLLA,UDC,Non/Nein,H,73,Martigny,20200904121000
Stéphane CLAVIEN,VLR,Abst./Enth.,H,63,Sierre,20200904121000
Damien CLERC,PDC,Abst./Enth.,H,39,Conthey,20200904121000
Gabrielle CORNUT-ZUFFEREY,LES VERTS,Oui/Ja,F,59,Sierre,20200904121000
Adeline CRETTENAND,VLR,Abst./Enth.,F,26,Martigny,20200904121000
Narcisse CRETTENAND,VLR,Abst./Enth.,H,65,Martigny,20200904121000
Blaise CRETTOL,AC,Abst./Enth.,H,48,Sierre,20200904121000
Pierre DARBELLAY,PDC,Abst./Enth.,H,32,Entremont,20200904121000
Olivier DERIVAZ,AdG,Oui/Ja,H,56,Monthey,20200904121000
Ralph DESSIMOZ,PDC,Abst./Enth.,H,56,Conthey,20200904121000
Arnaud DUBOIS,VLR,Abst./Enth.,H,35,Monthey,20200904121000
Alain DUBOSSON,UDC,Non/Nein,H,21,Monthey,20200904121000
Corinne DUC BONVIN,AdG,Oui/Ja,F,53,Sierre,20200904121000
Sophie DUCREY,AC,Oui/Ja,F,25,Monthey,20200904121000
Marius DUMOULIN,PDC,Abst./Enth.,H,65,Sion,20200904121000
Jean-Marc DUPONT,AdG,Oui/Ja,H,62,Martigny,20200904121000
Christian ESCHER,CSPO,Oui/Ja,H,41,Brig,20200904121000
Florian EVEQUOZ,AC,Abst./Enth.,H,39,Conthey,20200904121000
German EYER,ZUK-VS,Abst./Enth.,H,59,Brig,20200904121000
Florent FAVRE,PDC,Abst./Enth.,H,26,Conthey,20200904121000
Sandro FONTANA,PDC,Abst./Enth.,H,54,Monthey,20200904121000
Jérôme FORMAZ,UDC,Non/Nein,H,44,Entremont,20200904121000
Sabine FOURNIER,LES VERTS,Oui/Ja,F,45,St-Maurice,20200904121000
Damien FUMEAUX,UDC,Non/Nein,H,22,Conthey,20200904121000
Pascale FUMEAUX,AC,Oui/Ja,F,38,Conthey,20200904121000
Claudia GAILLARD MOREND,LES VERTS,Oui/Ja,F,54,Hérens,20200904121000
Marc-Antoine GENOLET,UDC,Non/Nein,H,56,Hérens,20200904121000
François GENOUD,VLR,Abst./Enth.,H,68,Sierre,20200904121000
Géraldine GIANADDA,VLR,Abst./Enth.,F,53,Martigny,20200904121000
Géraldine GRANGES-GUENOT,UDC,Non/Nein,F,45,Martigny,20200904121000
Vincent GÜNTHER,LES VERTS,Oui/Ja,H,51,Martigny,20200904121000
Ida HÄFLIGER,CSPO,Oui/Ja,F,63,Visp,20200904121000
Monika HOLZEGGER,ZUK-VS,Abst./Enth.,F,46,Brig,20200904121000
Lukas JÄGER,SVPO,Non/Nein,H,65,Leuk,20200904121000
Lukas KALBERMATTEN,CVPO,Non/Nein,H,49,Westlich Raron,20200904121000
Dominik KNUBEL,CVPO,Non/Nein,H,40,Westlich Raron,20200904121000
Michael KREUZER,SVPO,Non/Nein,H,31,Visp,20200904121000
Ralph KUMMER,SVPO,Non/Nein,H,42,Brig,20200904121000
Madeleine KUONEN-EGGO,ZUK-VS,Oui/Ja,F,61,Leuk,20200904121000
Alain LÉGER,PDC,Abst./Enth.,H,42,Martigny,20200904121000
Jean-François LOVEY,AC,Oui/Ja,H,65,Entremont,20200904121000
Damien LUISIER,PDC,Abst./Enth.,H,27,Martigny,20200904121000
Natacha MARET,PDC,Abst./Enth.,F,37,Entremont,20200904121000
Rainer MATHIER,CVPO,Non/Nein,H,63,Leuk,20200904121000
Thomas MATTER,CSPO,Oui/Ja,H,54,Leuk,20200904121000
Kamy MAY,PDC,Abst./Enth.,F,26,Entremont,20200904121000
Fabienne MURMANN,CVPO,Non/Nein,F,39,Leuk,20200904121000
Jean-Daniel NANCHEN,LES VERTS,Oui/Ja,H,63,Sierre,20200904121000
Claude NANÇOZ,VLR,Abst./Enth.,H,68,Conthey,20200904121000
Bernard OBERHOLZER,AC,Abst./Enth.,H,75,Monthey,20200904121000
Edmond PERRUCHOUD,UDC,Abst./Enth.,H,73,Sierre,20200904121000
Frédéric PITTELOUD,PDC,Abst./Enth.,H,45,Hérens,20200904121000
Emilie PRAZ,AC,Oui/Ja,F,34,Sion,20200904121000
François QUENNOZ,UDC,Non/Nein,H,27,Sion,20200904121000
Damien RABOUD,UDC,Non/Nein,H,34,Monthey,20200904121000
Pierre-Alain RAEMY,VLR,Abst./Enth.,H,59,Sion,20200904121000
Célina RAMSAUER,AC,Oui/Ja,F,44,Sierre,20200904121000
Kurt REGOTZ,CSPO,Oui/Ja,H,67,Brig,20200904121000
Jean-Pierre REY,VLR,Abst./Enth.,H,57,Sierre,20200904121000
Caroline REYNARD,AdG,Oui/Ja,F,24,Sion,20200904121000
Janine REY-SIGGEN,AdG,Oui/Ja,F,60,Sierre,20200904121000
Yann RODUIT,PDC,Abst./Enth.,H,46,Sion,20200904121000
Martine ROUILLER,AC,Oui/Ja,F,38,St-Maurice,20200904121000
Léa ROUILLER DESSIMOZ,LES VERTS,Oui/Ja,F,20,Conthey,20200904121000
Christine ROUX,PDC,Abst./Enth.,F,58,Sion,20200904121000
Gérard SALAMIN,PDC,Abst./Enth.,H,57,Sierre,20200904121000
Jean-Marc SAVIOZ,PDC,Abst./Enth.,H,50,Sierre,20200904121000
Pierre SCHERTENLEIB,AdG,Oui/Ja,H,67,Sion,20200904121000
Flavio SCHMID,CSPO,Oui/Ja,H,35,Visp,20200904121000
Gerhard SCHMID,CVPO,Oui/Ja,H,72,Östlich Raron,20200904121000
Remo SCHNYDER,SVPO,Non/Nein,H,46,Brig,20200904121000
Martin SCHÜRCH,CVPO,Non/Nein,H,48,Visp,20200904121000
Ruth STALDER,VLR,Abst./Enth.,F,58,Sion,20200904121000
Fabien THETAZ,AdG,Oui/Ja,H,34,Monthey,20200904121000
Bernard TROILLET,PDC,Abst./Enth.,H,66,Martigny,20200904121000
Romain UDRY,VLR,Abst./Enth.,H,28,Conthey,20200904121000
Grégoire VANNAY,PDC,Abst./Enth.,H,50,Monthey,20200904121000
Georges VIONNET,LES VERTS,Oui/Ja,H,66,Monthey,20200904121000
Jenny VOEFFRAY,PDC,Abst./Enth.,F,46,St-Maurice,20200904121000
Laurence VUAGNIAUX,LES VERTS,Oui/Ja,F,45,Sion,20200904121000
Côme VUILLE,VLR,Abst./Enth.,H,33,Monthey,20200904121000
Rafael WELSCHEN,CVPO,Non/Nein,H,32,Brig,20200904121000
Leander WILLINER,CSPO,Oui/Ja,H,67,Brig,20200904121000
Jean ZERMATTEN,AC,Oui/Ja,H,72,Sion,20200904121000
Rahel ZIMMERMANN,ZUK-VS,Oui/Ja,F,35,Visp,20200904121000
Marie ZUCHUAT,PDC,Abst./Enth.,F,33,Sion,20200904121000
Fabian ZURBRIGGEN,SVPO,Non/Nein,H,46,Visp,20200904121000
Danica ZURBRIGGEN LEHNER,CSPO,Oui/Ja,F,40,Visp,20200904121000
Jacques BLANC,AC,Aucun/Keine,H,66,Hérens,20200904121000
Sophie BORNET,PDC,Aucun/Keine,F,52,Conthey,20200904121000
Cilette CRETTON,AC,Aucun/Keine,F,75,Martigny,20200904121000
Lucile CURDY,AdG,Aucun/Keine,F,21,Conthey,20200904121000
Alina DARBELLAY,LES VERTS,Aucun/Keine,F,53,Sion,20200904121000
Mélanie FOLLONIER,VLR,Aucun/Keine,F,28,Hérens,20200904121000
Christelle HERITIER,VLR,Aucun/Keine,F,35,Sion,20200904121000
Vincent LUYET,AC,Aucun/Keine,H,43,Sion,20200904121000
Nicolas METTAN,PDC,Aucun/Keine,H,59,St-Maurice,20200904121000
Natascha MÖRI,VLR,Aucun/Keine,F,38,Martigny,20200904121000
Géraldine POUGET-ZUFFEREY,PDC,Aucun/Keine,F,30,Sierre,20200904121000
Johan ROCHEL,AC,Aucun/Keine,H,36,Monthey,20200904121000
Felix RUPPEN,CVPO,Aucun/Keine,H,59,Brig,20200904121000
Mathieu SARRASIN,VLR,Aucun/Keine,H,59,Entremont,20200904121000
Alain SCHÖNBETT,VLR,Aucun/Keine,H,65,Monthey,20200904121000
Jean-Baptiste UDRESSY,UDC,Aucun/Keine,H,27,Monthey,20200904121000
Joséphine WAEBER,PDC,Aucun/Keine,F,35,Sierre,20200904121000
