name,group,vote,Genre,Âge,District,affairVoteId
Matteo ABÄCHERLI,CVPO,Oui/Ja,H,32,Visp,20200904123843
Claudia ALPIGER,ZUK-VS,Non/Nein,F,31,Brig,20200904123843
Romano AMACKER,SVPO,Oui/Ja,H,23,Westlich Raron,20200904123843
Maria ARNOLD-ESCHER,CVPO,Oui/Ja,F,57,Brig,20200904123843
Peter BÄHLER,SVPO,Oui/Ja,H,67,Goms,20200904123843
Gabrielle BARRAS,UDC,Oui/Ja,F,57,Sion,20200904123843
Fabrice BENDER,VLR,Oui/Ja,H,51,St-Maurice,20200904123843
Léonard BENDER,AC,Oui/Ja,H,52,Martigny,20200904123843
Philippe BENDER,VLR,Non/Nein,H,70,Martigny,20200904123843
Claudy BESSE,UDC,Oui/Ja,H,56,Monthey,20200904123843
Vincent BOAND,UDC,Oui/Ja,H,35,Sion,20200904123843
Jean BONNARD,AC,Non/Nein,H,71,Sion,20200904123843
Alex BONVIN,UDC,Oui/Ja,H,61,Sierre,20200904123843
Nicolas BONVIN,PDC,Oui/Ja,H,31,Sierre,20200904123843
Sophie BORNET,PDC,Oui/Ja,F,52,Conthey,20200904123843
Gaël BOURGEOIS,AdG,Non/Nein,H,37,Martigny,20200904123843
Hermann BRUNNER,CSPO,Oui/Ja,H,66,Westlich Raron,20200904123843
Michael BURGENER,CVPO,Oui/Ja,H,39,Visp,20200904123843
Paul BURGENER,CVPO,Oui/Ja,H,67,Visp,20200904123843
Peter BURRI,ZUK-VS,Non/Nein,H,55,Visp,20200904123843
Mathieu CALOZ,VLR,Oui/Ja,H,27,Sierre,20200904123843
Chantal CARLEN,CVPO,Oui/Ja,F,28,Goms,20200904123843
Florine CARRON,LES VERTS,Non/Nein,F,42,Martigny,20200904123843
Florence CARRON DARBELLAY,PDC,Oui/Ja,F,47,Martigny,20200904123843
Patricia CASAYS,PDC,Oui/Ja,F,73,Monthey,20200904123843
Nicolas CHABLAIS,VLR,Oui/Ja,H,32,Monthey,20200904123843
Jean-Dominique CIPOLLA,UDC,Oui/Ja,H,73,Martigny,20200904123843
Stéphane CLAVIEN,VLR,Oui/Ja,H,63,Sierre,20200904123843
Damien CLERC,PDC,Oui/Ja,H,39,Conthey,20200904123843
Gabrielle CORNUT-ZUFFEREY,LES VERTS,Non/Nein,F,59,Sierre,20200904123843
Adeline CRETTENAND,VLR,Oui/Ja,F,26,Martigny,20200904123843
Narcisse CRETTENAND,VLR,Oui/Ja,H,65,Martigny,20200904123843
Blaise CRETTOL,AC,Oui/Ja,H,48,Sierre,20200904123843
Cilette CRETTON,AC,Oui/Ja,F,75,Martigny,20200904123843
Pierre DARBELLAY,PDC,Oui/Ja,H,32,Entremont,20200904123843
Olivier DERIVAZ,AdG,Non/Nein,H,56,Monthey,20200904123843
Ralph DESSIMOZ,PDC,Oui/Ja,H,56,Conthey,20200904123843
Arnaud DUBOIS,VLR,Oui/Ja,H,35,Monthey,20200904123843
Alain DUBOSSON,UDC,Oui/Ja,H,21,Monthey,20200904123843
Corinne DUC BONVIN,AdG,Non/Nein,F,53,Sierre,20200904123843
Sophie DUCREY,AC,Oui/Ja,F,25,Monthey,20200904123843
Marius DUMOULIN,PDC,Oui/Ja,H,65,Sion,20200904123843
Jean-Marc DUPONT,AdG,Non/Nein,H,62,Martigny,20200904123843
Christian ESCHER,CSPO,Oui/Ja,H,41,Brig,20200904123843
Florian EVEQUOZ,AC,Oui/Ja,H,39,Conthey,20200904123843
German EYER,ZUK-VS,Non/Nein,H,59,Brig,20200904123843
Florent FAVRE,PDC,Oui/Ja,H,26,Conthey,20200904123843
Sandro FONTANA,PDC,Oui/Ja,H,54,Monthey,20200904123843
Jérôme FORMAZ,UDC,Oui/Ja,H,44,Entremont,20200904123843
Sabine FOURNIER,LES VERTS,Non/Nein,F,45,St-Maurice,20200904123843
Damien FUMEAUX,UDC,Oui/Ja,H,22,Conthey,20200904123843
Pascale FUMEAUX,AC,Oui/Ja,F,38,Conthey,20200904123843
Claudia GAILLARD MOREND,LES VERTS,Non/Nein,F,54,Hérens,20200904123843
Marc-Antoine GENOLET,UDC,Oui/Ja,H,56,Hérens,20200904123843
François GENOUD,VLR,Oui/Ja,H,68,Sierre,20200904123843
Géraldine GIANADDA,VLR,Oui/Ja,F,53,Martigny,20200904123843
Géraldine GRANGES-GUENOT,UDC,Oui/Ja,F,45,Martigny,20200904123843
Vincent GÜNTHER,LES VERTS,Non/Nein,H,51,Martigny,20200904123843
Ida HÄFLIGER,CSPO,Oui/Ja,F,63,Visp,20200904123843
Monika HOLZEGGER,ZUK-VS,Non/Nein,F,46,Brig,20200904123843
Lukas JÄGER,SVPO,Oui/Ja,H,65,Leuk,20200904123843
Lukas KALBERMATTEN,CVPO,Oui/Ja,H,49,Westlich Raron,20200904123843
Dominik KNUBEL,CVPO,Oui/Ja,H,40,Westlich Raron,20200904123843
Michael KREUZER,SVPO,Oui/Ja,H,31,Visp,20200904123843
Ralph KUMMER,SVPO,Oui/Ja,H,42,Brig,20200904123843
Madeleine KUONEN-EGGO,ZUK-VS,Abst./Enth.,F,61,Leuk,20200904123843
Alain LÉGER,PDC,Oui/Ja,H,42,Martigny,20200904123843
Jean-François LOVEY,AC,Non/Nein,H,65,Entremont,20200904123843
Damien LUISIER,PDC,Oui/Ja,H,27,Martigny,20200904123843
Natacha MARET,PDC,Oui/Ja,F,37,Entremont,20200904123843
Rainer MATHIER,CVPO,Oui/Ja,H,63,Leuk,20200904123843
Thomas MATTER,CSPO,Oui/Ja,H,54,Leuk,20200904123843
Kamy MAY,PDC,Oui/Ja,F,26,Entremont,20200904123843
Nicolas METTAN,PDC,Oui/Ja,H,59,St-Maurice,20200904123843
Fabienne MURMANN,CVPO,Non/Nein,F,39,Leuk,20200904123843
Jean-Daniel NANCHEN,LES VERTS,Non/Nein,H,63,Sierre,20200904123843
Claude NANÇOZ,VLR,Oui/Ja,H,68,Conthey,20200904123843
Bernard OBERHOLZER,AC,Non/Nein,H,75,Monthey,20200904123843
Edmond PERRUCHOUD,UDC,Oui/Ja,H,73,Sierre,20200904123843
Frédéric PITTELOUD,PDC,Oui/Ja,H,45,Hérens,20200904123843
Emilie PRAZ,AC,Oui/Ja,F,34,Sion,20200904123843
François QUENNOZ,UDC,Oui/Ja,H,27,Sion,20200904123843
Damien RABOUD,UDC,Oui/Ja,H,34,Monthey,20200904123843
Pierre-Alain RAEMY,VLR,Oui/Ja,H,59,Sion,20200904123843
Célina RAMSAUER,AC,Oui/Ja,F,44,Sierre,20200904123843
Kurt REGOTZ,CSPO,Oui/Ja,H,67,Brig,20200904123843
Jean-Pierre REY,VLR,Oui/Ja,H,57,Sierre,20200904123843
Caroline REYNARD,AdG,Non/Nein,F,24,Sion,20200904123843
Janine REY-SIGGEN,AdG,Non/Nein,F,60,Sierre,20200904123843
Yann RODUIT,PDC,Oui/Ja,H,46,Sion,20200904123843
Martine ROUILLER,AC,Abst./Enth.,F,38,St-Maurice,20200904123843
Léa ROUILLER DESSIMOZ,LES VERTS,Non/Nein,F,20,Conthey,20200904123843
Christine ROUX,PDC,Oui/Ja,F,58,Sion,20200904123843
Gérard SALAMIN,PDC,Oui/Ja,H,57,Sierre,20200904123843
Mathieu SARRASIN,VLR,Oui/Ja,H,59,Entremont,20200904123843
Jean-Marc SAVIOZ,PDC,Oui/Ja,H,50,Sierre,20200904123843
Pierre SCHERTENLEIB,AdG,Non/Nein,H,67,Sion,20200904123843
Flavio SCHMID,CSPO,Oui/Ja,H,35,Visp,20200904123843
Gerhard SCHMID,CVPO,Oui/Ja,H,72,Östlich Raron,20200904123843
Remo SCHNYDER,SVPO,Non/Nein,H,46,Brig,20200904123843
Alain SCHÖNBETT,VLR,Oui/Ja,H,65,Monthey,20200904123843
Martin SCHÜRCH,CVPO,Oui/Ja,H,48,Visp,20200904123843
Ruth STALDER,VLR,Oui/Ja,F,58,Sion,20200904123843
Fabien THETAZ,AdG,Non/Nein,H,34,Monthey,20200904123843
Bernard TROILLET,PDC,Oui/Ja,H,66,Martigny,20200904123843
Jean-Baptiste UDRESSY,UDC,Oui/Ja,H,27,Monthey,20200904123843
Romain UDRY,VLR,Oui/Ja,H,28,Conthey,20200904123843
Grégoire VANNAY,PDC,Oui/Ja,H,50,Monthey,20200904123843
Georges VIONNET,LES VERTS,Non/Nein,H,66,Monthey,20200904123843
Jenny VOEFFRAY,PDC,Oui/Ja,F,46,St-Maurice,20200904123843
Laurence VUAGNIAUX,LES VERTS,Non/Nein,F,45,Sion,20200904123843
Côme VUILLE,VLR,Oui/Ja,H,33,Monthey,20200904123843
Rafael WELSCHEN,CVPO,Oui/Ja,H,32,Brig,20200904123843
Leander WILLINER,CSPO,Oui/Ja,H,67,Brig,20200904123843
Jean ZERMATTEN,AC,Non/Nein,H,72,Sion,20200904123843
Rahel ZIMMERMANN,ZUK-VS,Non/Nein,F,35,Visp,20200904123843
Marie ZUCHUAT,PDC,Oui/Ja,F,33,Sion,20200904123843
Fabian ZURBRIGGEN,SVPO,Oui/Ja,H,46,Visp,20200904123843
Danica ZURBRIGGEN LEHNER,CSPO,Oui/Ja,F,40,Visp,20200904123843
Jacques BLANC,AC,Aucun/Keine,H,66,Hérens,20200904123843
Lucile CURDY,AdG,Aucun/Keine,F,21,Conthey,20200904123843
Alina DARBELLAY,LES VERTS,Aucun/Keine,F,53,Sion,20200904123843
Mélanie FOLLONIER,VLR,Aucun/Keine,F,28,Hérens,20200904123843
Christelle HERITIER,VLR,Aucun/Keine,F,35,Sion,20200904123843
Vincent LUYET,AC,Aucun/Keine,H,43,Sion,20200904123843
Natascha MÖRI,VLR,Aucun/Keine,F,38,Martigny,20200904123843
Géraldine POUGET-ZUFFEREY,PDC,Aucun/Keine,F,30,Sierre,20200904123843
Johan ROCHEL,AC,Aucun/Keine,H,36,Monthey,20200904123843
Felix RUPPEN,CVPO,Aucun/Keine,H,59,Brig,20200904123843
Joséphine WAEBER,PDC,Aucun/Keine,F,35,Sierre,20200904123843
