name,group,vote,Genre,Âge,District,affairVoteId
Matteo ABÄCHERLI,CVPO,Non/Nein,H,32,Visp,20200904114121
Claudia ALPIGER,ZUK-VS,Oui/Ja,F,31,Brig,20200904114121
Romano AMACKER,SVPO,Non/Nein,H,23,Westlich Raron,20200904114121
Maria ARNOLD-ESCHER,CVPO,Non/Nein,F,57,Brig,20200904114121
Peter BÄHLER,SVPO,Non/Nein,H,67,Goms,20200904114121
Gabrielle BARRAS,UDC,Non/Nein,F,57,Sion,20200904114121
Fabrice BENDER,VLR,Non/Nein,H,51,St-Maurice,20200904114121
Léonard BENDER,AC,Oui/Ja,H,52,Martigny,20200904114121
Philippe BENDER,VLR,Non/Nein,H,70,Martigny,20200904114121
Claudy BESSE,UDC,Non/Nein,H,56,Monthey,20200904114121
Vincent BOAND,UDC,Non/Nein,H,35,Sion,20200904114121
Jean BONNARD,AC,Oui/Ja,H,71,Sion,20200904114121
Alex BONVIN,UDC,Non/Nein,H,61,Sierre,20200904114121
Nicolas BONVIN,PDC,Non/Nein,H,31,Sierre,20200904114121
Sophie BORNET,PDC,Non/Nein,F,52,Conthey,20200904114121
Gaël BOURGEOIS,AdG,Oui/Ja,H,37,Martigny,20200904114121
Hermann BRUNNER,CSPO,Non/Nein,H,66,Westlich Raron,20200904114121
Michael BURGENER,CVPO,Abst./Enth.,H,39,Visp,20200904114121
Paul BURGENER,CVPO,Abst./Enth.,H,67,Visp,20200904114121
Peter BURRI,ZUK-VS,Oui/Ja,H,55,Visp,20200904114121
Mathieu CALOZ,VLR,Oui/Ja,H,27,Sierre,20200904114121
Chantal CARLEN,CVPO,Non/Nein,F,28,Goms,20200904114121
Florine CARRON,LES VERTS,Non/Nein,F,42,Martigny,20200904114121
Florence CARRON DARBELLAY,PDC,Non/Nein,F,47,Martigny,20200904114121
Patricia CASAYS,PDC,Non/Nein,F,73,Monthey,20200904114121
Nicolas CHABLAIS,VLR,Non/Nein,H,32,Monthey,20200904114121
Jean-Dominique CIPOLLA,UDC,Non/Nein,H,73,Martigny,20200904114121
Stéphane CLAVIEN,VLR,Oui/Ja,H,63,Sierre,20200904114121
Damien CLERC,PDC,Non/Nein,H,39,Conthey,20200904114121
Gabrielle CORNUT-ZUFFEREY,LES VERTS,Oui/Ja,F,59,Sierre,20200904114121
Adeline CRETTENAND,VLR,Non/Nein,F,26,Martigny,20200904114121
Narcisse CRETTENAND,VLR,Non/Nein,H,65,Martigny,20200904114121
Blaise CRETTOL,AC,Oui/Ja,H,48,Sierre,20200904114121
Cilette CRETTON,AC,Oui/Ja,F,75,Martigny,20200904114121
Alina DARBELLAY,LES VERTS,Oui/Ja,F,53,Sion,20200904114121
Pierre DARBELLAY,PDC,Non/Nein,H,32,Entremont,20200904114121
Olivier DERIVAZ,AdG,Oui/Ja,H,56,Monthey,20200904114121
Ralph DESSIMOZ,PDC,Non/Nein,H,56,Conthey,20200904114121
Arnaud DUBOIS,VLR,Oui/Ja,H,35,Monthey,20200904114121
Alain DUBOSSON,UDC,Non/Nein,H,21,Monthey,20200904114121
Corinne DUC BONVIN,AdG,Oui/Ja,F,53,Sierre,20200904114121
Sophie DUCREY,AC,Oui/Ja,F,25,Monthey,20200904114121
Marius DUMOULIN,PDC,Non/Nein,H,65,Sion,20200904114121
Jean-Marc DUPONT,AdG,Oui/Ja,H,62,Martigny,20200904114121
Christian ESCHER,CSPO,Non/Nein,H,41,Brig,20200904114121
Florian EVEQUOZ,AC,Oui/Ja,H,39,Conthey,20200904114121
German EYER,ZUK-VS,Oui/Ja,H,59,Brig,20200904114121
Florent FAVRE,PDC,Non/Nein,H,26,Conthey,20200904114121
Sandro FONTANA,PDC,Non/Nein,H,54,Monthey,20200904114121
Jérôme FORMAZ,UDC,Non/Nein,H,44,Entremont,20200904114121
Sabine FOURNIER,LES VERTS,Oui/Ja,F,45,St-Maurice,20200904114121
Damien FUMEAUX,UDC,Non/Nein,H,22,Conthey,20200904114121
Pascale FUMEAUX,AC,Oui/Ja,F,38,Conthey,20200904114121
Claudia GAILLARD MOREND,LES VERTS,Oui/Ja,F,54,Hérens,20200904114121
Marc-Antoine GENOLET,UDC,Non/Nein,H,56,Hérens,20200904114121
François GENOUD,VLR,Oui/Ja,H,68,Sierre,20200904114121
Géraldine GIANADDA,VLR,Oui/Ja,F,53,Martigny,20200904114121
Géraldine GRANGES-GUENOT,UDC,Non/Nein,F,45,Martigny,20200904114121
Vincent GÜNTHER,LES VERTS,Oui/Ja,H,51,Martigny,20200904114121
Ida HÄFLIGER,CSPO,Oui/Ja,F,63,Visp,20200904114121
Monika HOLZEGGER,ZUK-VS,Oui/Ja,F,46,Brig,20200904114121
Lukas JÄGER,SVPO,Non/Nein,H,65,Leuk,20200904114121
Lukas KALBERMATTEN,CVPO,Non/Nein,H,49,Westlich Raron,20200904114121
Dominik KNUBEL,CVPO,Oui/Ja,H,40,Westlich Raron,20200904114121
Michael KREUZER,SVPO,Non/Nein,H,31,Visp,20200904114121
Ralph KUMMER,SVPO,Non/Nein,H,42,Brig,20200904114121
Madeleine KUONEN-EGGO,ZUK-VS,Oui/Ja,F,61,Leuk,20200904114121
Alain LÉGER,PDC,Non/Nein,H,42,Martigny,20200904114121
Jean-François LOVEY,AC,Oui/Ja,H,65,Entremont,20200904114121
Damien LUISIER,PDC,Non/Nein,H,27,Martigny,20200904114121
Natacha MARET,PDC,Non/Nein,F,37,Entremont,20200904114121
Rainer MATHIER,CVPO,Non/Nein,H,63,Leuk,20200904114121
Thomas MATTER,CSPO,Non/Nein,H,54,Leuk,20200904114121
Kamy MAY,PDC,Non/Nein,F,26,Entremont,20200904114121
Nicolas METTAN,PDC,Oui/Ja,H,59,St-Maurice,20200904114121
Fabienne MURMANN,CVPO,Non/Nein,F,39,Leuk,20200904114121
Jean-Daniel NANCHEN,LES VERTS,Oui/Ja,H,63,Sierre,20200904114121
Claude NANÇOZ,VLR,Non/Nein,H,68,Conthey,20200904114121
Bernard OBERHOLZER,AC,Oui/Ja,H,75,Monthey,20200904114121
Edmond PERRUCHOUD,UDC,Non/Nein,H,73,Sierre,20200904114121
Frédéric PITTELOUD,PDC,Oui/Ja,H,45,Hérens,20200904114121
Emilie PRAZ,AC,Oui/Ja,F,34,Sion,20200904114121
François QUENNOZ,UDC,Non/Nein,H,27,Sion,20200904114121
Damien RABOUD,UDC,Non/Nein,H,34,Monthey,20200904114121
Pierre-Alain RAEMY,VLR,Oui/Ja,H,59,Sion,20200904114121
Célina RAMSAUER,AC,Oui/Ja,F,44,Sierre,20200904114121
Kurt REGOTZ,CSPO,Oui/Ja,H,67,Brig,20200904114121
Jean-Pierre REY,VLR,Oui/Ja,H,57,Sierre,20200904114121
Caroline REYNARD,AdG,Oui/Ja,F,24,Sion,20200904114121
Janine REY-SIGGEN,AdG,Oui/Ja,F,60,Sierre,20200904114121
Yann RODUIT,PDC,Non/Nein,H,46,Sion,20200904114121
Martine ROUILLER,AC,Oui/Ja,F,38,St-Maurice,20200904114121
Léa ROUILLER DESSIMOZ,LES VERTS,Oui/Ja,F,20,Conthey,20200904114121
Christine ROUX,PDC,Non/Nein,F,58,Sion,20200904114121
Gérard SALAMIN,PDC,Non/Nein,H,57,Sierre,20200904114121
Mathieu SARRASIN,VLR,Non/Nein,H,59,Entremont,20200904114121
Jean-Marc SAVIOZ,PDC,Non/Nein,H,50,Sierre,20200904114121
Pierre SCHERTENLEIB,AdG,Oui/Ja,H,67,Sion,20200904114121
Flavio SCHMID,CSPO,Non/Nein,H,35,Visp,20200904114121
Gerhard SCHMID,CVPO,Oui/Ja,H,72,Östlich Raron,20200904114121
Remo SCHNYDER,SVPO,Non/Nein,H,46,Brig,20200904114121
Alain SCHÖNBETT,VLR,Non/Nein,H,65,Monthey,20200904114121
Martin SCHÜRCH,CVPO,Non/Nein,H,48,Visp,20200904114121
Ruth STALDER,VLR,Oui/Ja,F,58,Sion,20200904114121
Fabien THETAZ,AdG,Oui/Ja,H,34,Monthey,20200904114121
Bernard TROILLET,PDC,Oui/Ja,H,66,Martigny,20200904114121
Jean-Baptiste UDRESSY,UDC,Non/Nein,H,27,Monthey,20200904114121
Romain UDRY,VLR,Non/Nein,H,28,Conthey,20200904114121
Grégoire VANNAY,PDC,Oui/Ja,H,50,Monthey,20200904114121
Georges VIONNET,LES VERTS,Oui/Ja,H,66,Monthey,20200904114121
Jenny VOEFFRAY,PDC,Oui/Ja,F,46,St-Maurice,20200904114121
Laurence VUAGNIAUX,LES VERTS,Oui/Ja,F,45,Sion,20200904114121
Côme VUILLE,VLR,Oui/Ja,H,33,Monthey,20200904114121
Rafael WELSCHEN,CVPO,Non/Nein,H,32,Brig,20200904114121
Leander WILLINER,CSPO,Non/Nein,H,67,Brig,20200904114121
Jean ZERMATTEN,AC,Oui/Ja,H,72,Sion,20200904114121
Rahel ZIMMERMANN,ZUK-VS,Oui/Ja,F,35,Visp,20200904114121
Marie ZUCHUAT,PDC,Non/Nein,F,33,Sion,20200904114121
Fabian ZURBRIGGEN,SVPO,Non/Nein,H,46,Visp,20200904114121
Danica ZURBRIGGEN LEHNER,CSPO,Oui/Ja,F,40,Visp,20200904114121
Jacques BLANC,AC,Aucun/Keine,H,66,Hérens,20200904114121
Lucile CURDY,AdG,Aucun/Keine,F,21,Conthey,20200904114121
Mélanie FOLLONIER,VLR,Aucun/Keine,F,28,Hérens,20200904114121
Christelle HERITIER,VLR,Aucun/Keine,F,35,Sion,20200904114121
Vincent LUYET,AC,Aucun/Keine,H,43,Sion,20200904114121
Natascha MÖRI,VLR,Aucun/Keine,F,38,Martigny,20200904114121
Géraldine POUGET-ZUFFEREY,PDC,Aucun/Keine,F,30,Sierre,20200904114121
Johan ROCHEL,AC,Aucun/Keine,H,36,Monthey,20200904114121
Felix RUPPEN,CVPO,Aucun/Keine,H,59,Brig,20200904114121
Joséphine WAEBER,PDC,Aucun/Keine,F,35,Sierre,20200904114121
