name,group,vote,Genre,Âge,District,affairVoteId
Matteo ABÄCHERLI,CVPO,Non/Nein,H,32,Visp,20200903154222
Claudia ALPIGER,ZUK-VS,Oui/Ja,F,31,Brig,20200903154222
Romano AMACKER,SVPO,Non/Nein,H,23,Westlich Raron,20200903154222
Maria ARNOLD-ESCHER,CVPO,Non/Nein,F,57,Brig,20200903154222
Peter BÄHLER,SVPO,Non/Nein,H,67,Goms,20200903154222
Gabrielle BARRAS,UDC,Non/Nein,F,57,Sion,20200903154222
Fabrice BENDER,VLR,Non/Nein,H,51,St-Maurice,20200903154222
Léonard BENDER,AC,Oui/Ja,H,52,Martigny,20200903154222
Philippe BENDER,VLR,Non/Nein,H,70,Martigny,20200903154222
Claudy BESSE,UDC,Non/Nein,H,56,Monthey,20200903154222
Vincent BOAND,UDC,Non/Nein,H,35,Sion,20200903154222
Jean BONNARD,AC,Non/Nein,H,71,Sion,20200903154222
Alex BONVIN,UDC,Non/Nein,H,61,Sierre,20200903154222
Nicolas BONVIN,PDC,Non/Nein,H,31,Sierre,20200903154222
Sophie BORNET,PDC,Non/Nein,F,52,Conthey,20200903154222
Gaël BOURGEOIS,AdG,Oui/Ja,H,37,Martigny,20200903154222
Hermann BRUNNER,CSPO,Oui/Ja,H,66,Westlich Raron,20200903154222
Michael BURGENER,CVPO,Non/Nein,H,39,Visp,20200903154222
Paul BURGENER,CVPO,Non/Nein,H,67,Visp,20200903154222
Peter BURRI,ZUK-VS,Non/Nein,H,55,Visp,20200903154222
Mathieu CALOZ,VLR,Non/Nein,H,27,Sierre,20200903154222
Chantal CARLEN,CVPO,Non/Nein,F,28,Goms,20200903154222
Florine CARRON,LES VERTS,Abst./Enth.,F,42,Martigny,20200903154222
Florence CARRON DARBELLAY,PDC,Non/Nein,F,47,Martigny,20200903154222
Patricia CASAYS,PDC,Abst./Enth.,F,73,Monthey,20200903154222
Nicolas CHABLAIS,VLR,Non/Nein,H,32,Monthey,20200903154222
Jean-Dominique CIPOLLA,UDC,Non/Nein,H,73,Martigny,20200903154222
Stéphane CLAVIEN,VLR,Non/Nein,H,63,Sierre,20200903154222
Damien CLERC,PDC,Non/Nein,H,39,Conthey,20200903154222
Gabrielle CORNUT-ZUFFEREY,LES VERTS,Oui/Ja,F,59,Sierre,20200903154222
Adeline CRETTENAND,VLR,Non/Nein,F,26,Martigny,20200903154222
Narcisse CRETTENAND,VLR,Non/Nein,H,65,Martigny,20200903154222
Blaise CRETTOL,AC,Oui/Ja,H,48,Sierre,20200903154222
Cilette CRETTON,AC,Oui/Ja,F,75,Martigny,20200903154222
Pierre DARBELLAY,PDC,Non/Nein,H,32,Entremont,20200903154222
Olivier DERIVAZ,AdG,Oui/Ja,H,56,Monthey,20200903154222
Ralph DESSIMOZ,PDC,Non/Nein,H,56,Conthey,20200903154222
Arnaud DUBOIS,VLR,Abst./Enth.,H,35,Monthey,20200903154222
Alain DUBOSSON,UDC,Non/Nein,H,21,Monthey,20200903154222
Corinne DUC BONVIN,AdG,Oui/Ja,F,53,Sierre,20200903154222
Sophie DUCREY,AC,Oui/Ja,F,25,Monthey,20200903154222
Marius DUMOULIN,PDC,Non/Nein,H,65,Sion,20200903154222
Jean-Marc DUPONT,AdG,Oui/Ja,H,62,Martigny,20200903154222
Christian ESCHER,CSPO,Oui/Ja,H,41,Brig,20200903154222
Florian EVEQUOZ,AC,Oui/Ja,H,39,Conthey,20200903154222
German EYER,ZUK-VS,Oui/Ja,H,59,Brig,20200903154222
Florent FAVRE,PDC,Non/Nein,H,26,Conthey,20200903154222
Sandro FONTANA,PDC,Non/Nein,H,54,Monthey,20200903154222
Jérôme FORMAZ,UDC,Non/Nein,H,44,Entremont,20200903154222
Sabine FOURNIER,LES VERTS,Oui/Ja,F,45,St-Maurice,20200903154222
Damien FUMEAUX,UDC,Non/Nein,H,22,Conthey,20200903154222
Pascale FUMEAUX,AC,Oui/Ja,F,38,Conthey,20200903154222
Claudia GAILLARD MOREND,LES VERTS,Oui/Ja,F,54,Hérens,20200903154222
Marc-Antoine GENOLET,UDC,Non/Nein,H,56,Hérens,20200903154222
François GENOUD,VLR,Non/Nein,H,68,Sierre,20200903154222
Géraldine GIANADDA,VLR,Abst./Enth.,F,53,Martigny,20200903154222
Géraldine GRANGES-GUENOT,UDC,Non/Nein,F,45,Martigny,20200903154222
Vincent GÜNTHER,LES VERTS,Oui/Ja,H,51,Martigny,20200903154222
Ida HÄFLIGER,CSPO,Non/Nein,F,63,Visp,20200903154222
Monika HOLZEGGER,ZUK-VS,Abst./Enth.,F,46,Brig,20200903154222
Lukas JÄGER,SVPO,Non/Nein,H,65,Leuk,20200903154222
Lukas KALBERMATTEN,CVPO,Non/Nein,H,49,Westlich Raron,20200903154222
Dominik KNUBEL,CVPO,Non/Nein,H,40,Westlich Raron,20200903154222
Michael KREUZER,SVPO,Non/Nein,H,31,Visp,20200903154222
Ralph KUMMER,SVPO,Non/Nein,H,42,Brig,20200903154222
Madeleine KUONEN-EGGO,ZUK-VS,Oui/Ja,F,61,Leuk,20200903154222
Alain LÉGER,PDC,Non/Nein,H,42,Martigny,20200903154222
Jean-François LOVEY,AC,Oui/Ja,H,65,Entremont,20200903154222
Damien LUISIER,PDC,Non/Nein,H,27,Martigny,20200903154222
Vincent LUYET,AC,Oui/Ja,H,43,Sion,20200903154222
Natacha MARET,PDC,Non/Nein,F,37,Entremont,20200903154222
Rainer MATHIER,CVPO,Non/Nein,H,63,Leuk,20200903154222
Thomas MATTER,CSPO,Non/Nein,H,54,Leuk,20200903154222
Kamy MAY,PDC,Non/Nein,F,26,Entremont,20200903154222
Natascha MÖRI,VLR,Non/Nein,F,38,Martigny,20200903154222
Fabienne MURMANN,CVPO,Non/Nein,F,39,Leuk,20200903154222
Jean-Daniel NANCHEN,LES VERTS,Oui/Ja,H,63,Sierre,20200903154222
Claude NANÇOZ,VLR,Non/Nein,H,68,Conthey,20200903154222
Bernard OBERHOLZER,AC,Oui/Ja,H,75,Monthey,20200903154222
Edmond PERRUCHOUD,UDC,Non/Nein,H,73,Sierre,20200903154222
Frédéric PITTELOUD,PDC,Non/Nein,H,45,Hérens,20200903154222
Emilie PRAZ,AC,Oui/Ja,F,34,Sion,20200903154222
François QUENNOZ,UDC,Non/Nein,H,27,Sion,20200903154222
Damien RABOUD,UDC,Non/Nein,H,34,Monthey,20200903154222
Pierre-Alain RAEMY,VLR,Abst./Enth.,H,59,Sion,20200903154222
Célina RAMSAUER,AC,Oui/Ja,F,44,Sierre,20200903154222
Kurt REGOTZ,CSPO,Oui/Ja,H,67,Brig,20200903154222
Jean-Pierre REY,VLR,Non/Nein,H,57,Sierre,20200903154222
Caroline REYNARD,AdG,Oui/Ja,F,24,Sion,20200903154222
Janine REY-SIGGEN,AdG,Oui/Ja,F,60,Sierre,20200903154222
Johan ROCHEL,AC,Oui/Ja,H,36,Monthey,20200903154222
Yann RODUIT,PDC,Non/Nein,H,46,Sion,20200903154222
Martine ROUILLER,AC,Oui/Ja,F,38,St-Maurice,20200903154222
Léa ROUILLER DESSIMOZ,LES VERTS,Oui/Ja,F,20,Conthey,20200903154222
Christine ROUX,PDC,Non/Nein,F,58,Sion,20200903154222
Gérard SALAMIN,PDC,Non/Nein,H,57,Sierre,20200903154222
Mathieu SARRASIN,VLR,Non/Nein,H,59,Entremont,20200903154222
Jean-Marc SAVIOZ,PDC,Non/Nein,H,50,Sierre,20200903154222
Pierre SCHERTENLEIB,AdG,Oui/Ja,H,67,Sion,20200903154222
Flavio SCHMID,CSPO,Non/Nein,H,35,Visp,20200903154222
Gerhard SCHMID,CVPO,Abst./Enth.,H,72,Östlich Raron,20200903154222
Remo SCHNYDER,SVPO,Non/Nein,H,46,Brig,20200903154222
Alain SCHÖNBETT,VLR,Non/Nein,H,65,Monthey,20200903154222
Martin SCHÜRCH,CVPO,Non/Nein,H,48,Visp,20200903154222
Ruth STALDER,VLR,Non/Nein,F,58,Sion,20200903154222
Fabien THETAZ,AdG,Oui/Ja,H,34,Monthey,20200903154222
Bernard TROILLET,PDC,Non/Nein,H,66,Martigny,20200903154222
Jean-Baptiste UDRESSY,UDC,Non/Nein,H,27,Monthey,20200903154222
Romain UDRY,VLR,Non/Nein,H,28,Conthey,20200903154222
Grégoire VANNAY,PDC,Non/Nein,H,50,Monthey,20200903154222
Georges VIONNET,LES VERTS,Oui/Ja,H,66,Monthey,20200903154222
Jenny VOEFFRAY,PDC,Non/Nein,F,46,St-Maurice,20200903154222
Laurence VUAGNIAUX,LES VERTS,Oui/Ja,F,45,Sion,20200903154222
Côme VUILLE,VLR,Non/Nein,H,33,Monthey,20200903154222
Joséphine WAEBER,PDC,Non/Nein,F,35,Sierre,20200903154222
Rafael WELSCHEN,CVPO,Non/Nein,H,32,Brig,20200903154222
Leander WILLINER,CSPO,Non/Nein,H,67,Brig,20200903154222
Jean ZERMATTEN,AC,Oui/Ja,H,72,Sion,20200903154222
Rahel ZIMMERMANN,ZUK-VS,Oui/Ja,F,35,Visp,20200903154222
Marie ZUCHUAT,PDC,Non/Nein,F,33,Sion,20200903154222
Fabian ZURBRIGGEN,SVPO,Non/Nein,H,46,Visp,20200903154222
Danica ZURBRIGGEN LEHNER,CSPO,Non/Nein,F,40,Visp,20200903154222
Jacques BLANC,AC,Aucun/Keine,H,66,Hérens,20200903154222
Lucile CURDY,AdG,Aucun/Keine,F,21,Conthey,20200903154222
Alina DARBELLAY,LES VERTS,Aucun/Keine,F,53,Sion,20200903154222
Mélanie FOLLONIER,VLR,Aucun/Keine,F,28,Hérens,20200903154222
Christelle HERITIER,VLR,Aucun/Keine,F,35,Sion,20200903154222
Nicolas METTAN,PDC,Aucun/Keine,H,59,St-Maurice,20200903154222
Géraldine POUGET-ZUFFEREY,PDC,Aucun/Keine,F,30,Sierre,20200903154222
Felix RUPPEN,CVPO,Aucun/Keine,H,59,Brig,20200903154222
