name,group,vote,Genre,Âge,District,affairVoteId
Claudia ALPIGER,ZUK-VS,Non/Nein,F,31,Brig,20200903110640
Romano AMACKER,SVPO,Oui/Ja,H,23,Westlich Raron,20200903110640
Maria ARNOLD-ESCHER,CVPO,Abst./Enth.,F,57,Brig,20200903110640
Peter BÄHLER,SVPO,Oui/Ja,H,67,Goms,20200903110640
Gabrielle BARRAS,UDC,Oui/Ja,F,57,Sion,20200903110640
Fabrice BENDER,VLR,Non/Nein,H,51,St-Maurice,20200903110640
Léonard BENDER,AC,Non/Nein,H,52,Martigny,20200903110640
Philippe BENDER,VLR,Oui/Ja,H,70,Martigny,20200903110640
Claudy BESSE,UDC,Oui/Ja,H,56,Monthey,20200903110640
Vincent BOAND,UDC,Oui/Ja,H,35,Sion,20200903110640
Jean BONNARD,AC,Non/Nein,H,71,Sion,20200903110640
Alex BONVIN,UDC,Oui/Ja,H,61,Sierre,20200903110640
Nicolas BONVIN,PDC,Non/Nein,H,31,Sierre,20200903110640
Sophie BORNET,PDC,Abst./Enth.,F,52,Conthey,20200903110640
Gaël BOURGEOIS,AdG,Non/Nein,H,37,Martigny,20200903110640
Hermann BRUNNER,CSPO,Oui/Ja,H,66,Westlich Raron,20200903110640
Michael BURGENER,CVPO,Oui/Ja,H,39,Visp,20200903110640
Paul BURGENER,CVPO,Non/Nein,H,67,Visp,20200903110640
Peter BURRI,ZUK-VS,Non/Nein,H,55,Visp,20200903110640
Mathieu CALOZ,VLR,Abst./Enth.,H,27,Sierre,20200903110640
Chantal CARLEN,CVPO,Non/Nein,F,28,Goms,20200903110640
Florine CARRON,LES VERTS,Non/Nein,F,42,Martigny,20200903110640
Florence CARRON DARBELLAY,PDC,Non/Nein,F,47,Martigny,20200903110640
Patricia CASAYS,PDC,Non/Nein,F,73,Monthey,20200903110640
Nicolas CHABLAIS,VLR,Abst./Enth.,H,32,Monthey,20200903110640
Jean-Dominique CIPOLLA,UDC,Oui/Ja,H,73,Martigny,20200903110640
Stéphane CLAVIEN,VLR,Oui/Ja,H,63,Sierre,20200903110640
Damien CLERC,PDC,Abst./Enth.,H,39,Conthey,20200903110640
Gabrielle CORNUT-ZUFFEREY,LES VERTS,Non/Nein,F,59,Sierre,20200903110640
Adeline CRETTENAND,VLR,Oui/Ja,F,26,Martigny,20200903110640
Narcisse CRETTENAND,VLR,Oui/Ja,H,65,Martigny,20200903110640
Blaise CRETTOL,AC,Non/Nein,H,48,Sierre,20200903110640
Cilette CRETTON,AC,Non/Nein,F,75,Martigny,20200903110640
Alina DARBELLAY,LES VERTS,Non/Nein,F,53,Sion,20200903110640
Pierre DARBELLAY,PDC,Abst./Enth.,H,32,Entremont,20200903110640
Olivier DERIVAZ,AdG,Non/Nein,H,56,Monthey,20200903110640
Ralph DESSIMOZ,PDC,Non/Nein,H,56,Conthey,20200903110640
Arnaud DUBOIS,VLR,Non/Nein,H,35,Monthey,20200903110640
Alain DUBOSSON,UDC,Oui/Ja,H,21,Monthey,20200903110640
Corinne DUC BONVIN,AdG,Non/Nein,F,53,Sierre,20200903110640
Sophie DUCREY,AC,Non/Nein,F,25,Monthey,20200903110640
Marius DUMOULIN,PDC,Non/Nein,H,65,Sion,20200903110640
Jean-Marc DUPONT,AdG,Non/Nein,H,62,Martigny,20200903110640
Christian ESCHER,CSPO,Non/Nein,H,41,Brig,20200903110640
German EYER,ZUK-VS,Non/Nein,H,59,Brig,20200903110640
Florent FAVRE,PDC,Non/Nein,H,26,Conthey,20200903110640
Sandro FONTANA,PDC,Abst./Enth.,H,54,Monthey,20200903110640
Jérôme FORMAZ,UDC,Oui/Ja,H,44,Entremont,20200903110640
Sabine FOURNIER,LES VERTS,Non/Nein,F,45,St-Maurice,20200903110640
Damien FUMEAUX,UDC,Abst./Enth.,H,22,Conthey,20200903110640
Pascale FUMEAUX,AC,Non/Nein,F,38,Conthey,20200903110640
Claudia GAILLARD MOREND,LES VERTS,Non/Nein,F,54,Hérens,20200903110640
Marc-Antoine GENOLET,UDC,Oui/Ja,H,56,Hérens,20200903110640
François GENOUD,VLR,Abst./Enth.,H,68,Sierre,20200903110640
Géraldine GIANADDA,VLR,Non/Nein,F,53,Martigny,20200903110640
Géraldine GRANGES-GUENOT,UDC,Oui/Ja,F,45,Martigny,20200903110640
Vincent GÜNTHER,LES VERTS,Non/Nein,H,51,Martigny,20200903110640
Ida HÄFLIGER,CSPO,Oui/Ja,F,63,Visp,20200903110640
Monika HOLZEGGER,ZUK-VS,Non/Nein,F,46,Brig,20200903110640
Lukas JÄGER,SVPO,Oui/Ja,H,65,Leuk,20200903110640
Lukas KALBERMATTEN,CVPO,Oui/Ja,H,49,Westlich Raron,20200903110640
Dominik KNUBEL,CVPO,Non/Nein,H,40,Westlich Raron,20200903110640
Michael KREUZER,SVPO,Oui/Ja,H,31,Visp,20200903110640
Ralph KUMMER,SVPO,Oui/Ja,H,42,Brig,20200903110640
Madeleine KUONEN-EGGO,ZUK-VS,Non/Nein,F,61,Leuk,20200903110640
Alain LÉGER,PDC,Oui/Ja,H,42,Martigny,20200903110640
Jean-François LOVEY,AC,Non/Nein,H,65,Entremont,20200903110640
Damien LUISIER,PDC,Oui/Ja,H,27,Martigny,20200903110640
Vincent LUYET,AC,Non/Nein,H,43,Sion,20200903110640
Natacha MARET,PDC,Abst./Enth.,F,37,Entremont,20200903110640
Rainer MATHIER,CVPO,Non/Nein,H,63,Leuk,20200903110640
Thomas MATTER,CSPO,Non/Nein,H,54,Leuk,20200903110640
Kamy MAY,PDC,Abst./Enth.,F,26,Entremont,20200903110640
Nicolas METTAN,PDC,Non/Nein,H,59,St-Maurice,20200903110640
Natascha MÖRI,VLR,Abst./Enth.,F,38,Martigny,20200903110640
Fabienne MURMANN,CVPO,Abst./Enth.,F,39,Leuk,20200903110640
Jean-Daniel NANCHEN,LES VERTS,Non/Nein,H,63,Sierre,20200903110640
Claude NANÇOZ,VLR,Oui/Ja,H,68,Conthey,20200903110640
Bernard OBERHOLZER,AC,Non/Nein,H,75,Monthey,20200903110640
Frédéric PITTELOUD,PDC,Non/Nein,H,45,Hérens,20200903110640
Emilie PRAZ,AC,Non/Nein,F,34,Sion,20200903110640
François QUENNOZ,UDC,Oui/Ja,H,27,Sion,20200903110640
Damien RABOUD,UDC,Oui/Ja,H,34,Monthey,20200903110640
Pierre-Alain RAEMY,VLR,Abst./Enth.,H,59,Sion,20200903110640
Célina RAMSAUER,AC,Non/Nein,F,44,Sierre,20200903110640
Kurt REGOTZ,CSPO,Oui/Ja,H,67,Brig,20200903110640
Jean-Pierre REY,VLR,Non/Nein,H,57,Sierre,20200903110640
Caroline REYNARD,AdG,Non/Nein,F,24,Sion,20200903110640
Janine REY-SIGGEN,AdG,Non/Nein,F,60,Sierre,20200903110640
Johan ROCHEL,AC,Non/Nein,H,36,Monthey,20200903110640
Yann RODUIT,PDC,Oui/Ja,H,46,Sion,20200903110640
Martine ROUILLER,AC,Non/Nein,F,38,St-Maurice,20200903110640
Léa ROUILLER DESSIMOZ,LES VERTS,Non/Nein,F,20,Conthey,20200903110640
Christine ROUX,PDC,Oui/Ja,F,58,Sion,20200903110640
Gérard SALAMIN,PDC,Abst./Enth.,H,57,Sierre,20200903110640
Mathieu SARRASIN,VLR,Abst./Enth.,H,59,Entremont,20200903110640
Jean-Marc SAVIOZ,PDC,Abst./Enth.,H,50,Sierre,20200903110640
Pierre SCHERTENLEIB,AdG,Non/Nein,H,67,Sion,20200903110640
Flavio SCHMID,CSPO,Abst./Enth.,H,35,Visp,20200903110640
Remo SCHNYDER,SVPO,Oui/Ja,H,46,Brig,20200903110640
Alain SCHÖNBETT,VLR,Non/Nein,H,65,Monthey,20200903110640
Martin SCHÜRCH,CVPO,Oui/Ja,H,48,Visp,20200903110640
Ruth STALDER,VLR,Oui/Ja,F,58,Sion,20200903110640
Fabien THETAZ,AdG,Non/Nein,H,34,Monthey,20200903110640
Bernard TROILLET,PDC,Abst./Enth.,H,66,Martigny,20200903110640
Jean-Baptiste UDRESSY,UDC,Oui/Ja,H,27,Monthey,20200903110640
Romain UDRY,VLR,Abst./Enth.,H,28,Conthey,20200903110640
Grégoire VANNAY,PDC,Non/Nein,H,50,Monthey,20200903110640
Georges VIONNET,LES VERTS,Non/Nein,H,66,Monthey,20200903110640
Jenny VOEFFRAY,PDC,Non/Nein,F,46,St-Maurice,20200903110640
Laurence VUAGNIAUX,LES VERTS,Non/Nein,F,45,Sion,20200903110640
Côme VUILLE,VLR,Abst./Enth.,H,33,Monthey,20200903110640
Joséphine WAEBER,PDC,Abst./Enth.,F,35,Sierre,20200903110640
Rafael WELSCHEN,CVPO,Oui/Ja,H,32,Brig,20200903110640
Leander WILLINER,CSPO,Oui/Ja,H,67,Brig,20200903110640
Jean ZERMATTEN,AC,Non/Nein,H,72,Sion,20200903110640
Rahel ZIMMERMANN,ZUK-VS,Non/Nein,F,35,Visp,20200903110640
Marie ZUCHUAT,PDC,Abst./Enth.,F,33,Sion,20200903110640
Fabian ZURBRIGGEN,SVPO,Oui/Ja,H,46,Visp,20200903110640
Danica ZURBRIGGEN LEHNER,CSPO,Abst./Enth.,F,40,Visp,20200903110640
Matteo ABÄCHERLI,CVPO,Aucun/Keine,H,32,Visp,20200903110640
Jacques BLANC,AC,Aucun/Keine,H,66,Hérens,20200903110640
Lucile CURDY,AdG,Aucun/Keine,F,21,Conthey,20200903110640
Florian EVEQUOZ,AC,Aucun/Keine,H,39,Conthey,20200903110640
Mélanie FOLLONIER,VLR,Aucun/Keine,F,28,Hérens,20200903110640
Christelle HERITIER,VLR,Aucun/Keine,F,35,Sion,20200903110640
Edmond PERRUCHOUD,UDC,Aucun/Keine,H,73,Sierre,20200903110640
Géraldine POUGET-ZUFFEREY,PDC,Aucun/Keine,F,30,Sierre,20200903110640
Felix RUPPEN,CVPO,Aucun/Keine,H,59,Brig,20200903110640
Gerhard SCHMID,CVPO,Aucun/Keine,H,72,Östlich Raron,20200903110640
