name,group,vote,Genre,Âge,District,affairVoteId
Matteo ABÄCHERLI,CVPO,Non/Nein,H,32,Visp,20200904103352
Claudia ALPIGER,ZUK-VS,Oui/Ja,F,31,Brig,20200904103352
Romano AMACKER,SVPO,Non/Nein,H,23,Westlich Raron,20200904103352
Maria ARNOLD-ESCHER,CVPO,Non/Nein,F,57,Brig,20200904103352
Peter BÄHLER,SVPO,Non/Nein,H,67,Goms,20200904103352
Fabrice BENDER,VLR,Non/Nein,H,51,St-Maurice,20200904103352
Léonard BENDER,AC,Non/Nein,H,52,Martigny,20200904103352
Philippe BENDER,VLR,Non/Nein,H,70,Martigny,20200904103352
Claudy BESSE,UDC,Non/Nein,H,56,Monthey,20200904103352
Vincent BOAND,UDC,Abst./Enth.,H,35,Sion,20200904103352
Jean BONNARD,AC,Oui/Ja,H,71,Sion,20200904103352
Alex BONVIN,UDC,Non/Nein,H,61,Sierre,20200904103352
Nicolas BONVIN,PDC,Non/Nein,H,31,Sierre,20200904103352
Sophie BORNET,PDC,Non/Nein,F,52,Conthey,20200904103352
Gaël BOURGEOIS,AdG,Oui/Ja,H,37,Martigny,20200904103352
Hermann BRUNNER,CSPO,Oui/Ja,H,66,Westlich Raron,20200904103352
Michael BURGENER,CVPO,Non/Nein,H,39,Visp,20200904103352
Paul BURGENER,CVPO,Oui/Ja,H,67,Visp,20200904103352
Peter BURRI,ZUK-VS,Abst./Enth.,H,55,Visp,20200904103352
Mathieu CALOZ,VLR,Non/Nein,H,27,Sierre,20200904103352
Chantal CARLEN,CVPO,Non/Nein,F,28,Goms,20200904103352
Florine CARRON,LES VERTS,Oui/Ja,F,42,Martigny,20200904103352
Florence CARRON DARBELLAY,PDC,Non/Nein,F,47,Martigny,20200904103352
Patricia CASAYS,PDC,Non/Nein,F,73,Monthey,20200904103352
Nicolas CHABLAIS,VLR,Non/Nein,H,32,Monthey,20200904103352
Jean-Dominique CIPOLLA,UDC,Non/Nein,H,73,Martigny,20200904103352
Stéphane CLAVIEN,VLR,Non/Nein,H,63,Sierre,20200904103352
Damien CLERC,PDC,Non/Nein,H,39,Conthey,20200904103352
Gabrielle CORNUT-ZUFFEREY,LES VERTS,Oui/Ja,F,59,Sierre,20200904103352
Adeline CRETTENAND,VLR,Non/Nein,F,26,Martigny,20200904103352
Narcisse CRETTENAND,VLR,Non/Nein,H,65,Martigny,20200904103352
Blaise CRETTOL,AC,Non/Nein,H,48,Sierre,20200904103352
Cilette CRETTON,AC,Non/Nein,F,75,Martigny,20200904103352
Alina DARBELLAY,LES VERTS,Oui/Ja,F,53,Sion,20200904103352
Pierre DARBELLAY,PDC,Non/Nein,H,32,Entremont,20200904103352
Olivier DERIVAZ,AdG,Oui/Ja,H,56,Monthey,20200904103352
Ralph DESSIMOZ,PDC,Non/Nein,H,56,Conthey,20200904103352
Arnaud DUBOIS,VLR,Non/Nein,H,35,Monthey,20200904103352
Alain DUBOSSON,UDC,Non/Nein,H,21,Monthey,20200904103352
Corinne DUC BONVIN,AdG,Oui/Ja,F,53,Sierre,20200904103352
Sophie DUCREY,AC,Non/Nein,F,25,Monthey,20200904103352
Marius DUMOULIN,PDC,Non/Nein,H,65,Sion,20200904103352
Jean-Marc DUPONT,AdG,Oui/Ja,H,62,Martigny,20200904103352
Christian ESCHER,CSPO,Oui/Ja,H,41,Brig,20200904103352
Florian EVEQUOZ,AC,Oui/Ja,H,39,Conthey,20200904103352
German EYER,ZUK-VS,Oui/Ja,H,59,Brig,20200904103352
Florent FAVRE,PDC,Non/Nein,H,26,Conthey,20200904103352
Sandro FONTANA,PDC,Non/Nein,H,54,Monthey,20200904103352
Jérôme FORMAZ,UDC,Non/Nein,H,44,Entremont,20200904103352
Sabine FOURNIER,LES VERTS,Oui/Ja,F,45,St-Maurice,20200904103352
Damien FUMEAUX,UDC,Non/Nein,H,22,Conthey,20200904103352
Pascale FUMEAUX,AC,Oui/Ja,F,38,Conthey,20200904103352
Claudia GAILLARD MOREND,LES VERTS,Non/Nein,F,54,Hérens,20200904103352
Marc-Antoine GENOLET,UDC,Non/Nein,H,56,Hérens,20200904103352
François GENOUD,VLR,Non/Nein,H,68,Sierre,20200904103352
Géraldine GIANADDA,VLR,Non/Nein,F,53,Martigny,20200904103352
Géraldine GRANGES-GUENOT,UDC,Non/Nein,F,45,Martigny,20200904103352
Vincent GÜNTHER,LES VERTS,Oui/Ja,H,51,Martigny,20200904103352
Ida HÄFLIGER,CSPO,Non/Nein,F,63,Visp,20200904103352
Monika HOLZEGGER,ZUK-VS,Non/Nein,F,46,Brig,20200904103352
Lukas JÄGER,SVPO,Non/Nein,H,65,Leuk,20200904103352
Lukas KALBERMATTEN,CVPO,Non/Nein,H,49,Westlich Raron,20200904103352
Dominik KNUBEL,CVPO,Non/Nein,H,40,Westlich Raron,20200904103352
Michael KREUZER,SVPO,Non/Nein,H,31,Visp,20200904103352
Ralph KUMMER,SVPO,Non/Nein,H,42,Brig,20200904103352
Madeleine KUONEN-EGGO,ZUK-VS,Oui/Ja,F,61,Leuk,20200904103352
Alain LÉGER,PDC,Non/Nein,H,42,Martigny,20200904103352
Jean-François LOVEY,AC,Oui/Ja,H,65,Entremont,20200904103352
Damien LUISIER,PDC,Non/Nein,H,27,Martigny,20200904103352
Natacha MARET,PDC,Non/Nein,F,37,Entremont,20200904103352
Rainer MATHIER,CVPO,Non/Nein,H,63,Leuk,20200904103352
Thomas MATTER,CSPO,Oui/Ja,H,54,Leuk,20200904103352
Kamy MAY,PDC,Non/Nein,F,26,Entremont,20200904103352
Nicolas METTAN,PDC,Non/Nein,H,59,St-Maurice,20200904103352
Fabienne MURMANN,CVPO,Abst./Enth.,F,39,Leuk,20200904103352
Jean-Daniel NANCHEN,LES VERTS,Abst./Enth.,H,63,Sierre,20200904103352
Claude NANÇOZ,VLR,Non/Nein,H,68,Conthey,20200904103352
Bernard OBERHOLZER,AC,Oui/Ja,H,75,Monthey,20200904103352
Edmond PERRUCHOUD,UDC,Non/Nein,H,73,Sierre,20200904103352
Frédéric PITTELOUD,PDC,Non/Nein,H,45,Hérens,20200904103352
Emilie PRAZ,AC,Oui/Ja,F,34,Sion,20200904103352
François QUENNOZ,UDC,Abst./Enth.,H,27,Sion,20200904103352
Damien RABOUD,UDC,Non/Nein,H,34,Monthey,20200904103352
Pierre-Alain RAEMY,VLR,Non/Nein,H,59,Sion,20200904103352
Célina RAMSAUER,AC,Oui/Ja,F,44,Sierre,20200904103352
Kurt REGOTZ,CSPO,Non/Nein,H,67,Brig,20200904103352
Jean-Pierre REY,VLR,Non/Nein,H,57,Sierre,20200904103352
Caroline REYNARD,AdG,Oui/Ja,F,24,Sion,20200904103352
Janine REY-SIGGEN,AdG,Oui/Ja,F,60,Sierre,20200904103352
Yann RODUIT,PDC,Non/Nein,H,46,Sion,20200904103352
Martine ROUILLER,AC,Oui/Ja,F,38,St-Maurice,20200904103352
Léa ROUILLER DESSIMOZ,LES VERTS,Oui/Ja,F,20,Conthey,20200904103352
Christine ROUX,PDC,Non/Nein,F,58,Sion,20200904103352
Gérard SALAMIN,PDC,Non/Nein,H,57,Sierre,20200904103352
Mathieu SARRASIN,VLR,Non/Nein,H,59,Entremont,20200904103352
Jean-Marc SAVIOZ,PDC,Non/Nein,H,50,Sierre,20200904103352
Pierre SCHERTENLEIB,AdG,Oui/Ja,H,67,Sion,20200904103352
Flavio SCHMID,CSPO,Oui/Ja,H,35,Visp,20200904103352
Remo SCHNYDER,SVPO,Non/Nein,H,46,Brig,20200904103352
Alain SCHÖNBETT,VLR,Non/Nein,H,65,Monthey,20200904103352
Martin SCHÜRCH,CVPO,Non/Nein,H,48,Visp,20200904103352
Ruth STALDER,VLR,Non/Nein,F,58,Sion,20200904103352
Fabien THETAZ,AdG,Abst./Enth.,H,34,Monthey,20200904103352
Bernard TROILLET,PDC,Non/Nein,H,66,Martigny,20200904103352
Jean-Baptiste UDRESSY,UDC,Non/Nein,H,27,Monthey,20200904103352
Romain UDRY,VLR,Non/Nein,H,28,Conthey,20200904103352
Grégoire VANNAY,PDC,Non/Nein,H,50,Monthey,20200904103352
Georges VIONNET,LES VERTS,Oui/Ja,H,66,Monthey,20200904103352
Jenny VOEFFRAY,PDC,Non/Nein,F,46,St-Maurice,20200904103352
Laurence VUAGNIAUX,LES VERTS,Oui/Ja,F,45,Sion,20200904103352
Côme VUILLE,VLR,Non/Nein,H,33,Monthey,20200904103352
Rafael WELSCHEN,CVPO,Non/Nein,H,32,Brig,20200904103352
Leander WILLINER,CSPO,Oui/Ja,H,67,Brig,20200904103352
Jean ZERMATTEN,AC,Non/Nein,H,72,Sion,20200904103352
Rahel ZIMMERMANN,ZUK-VS,Oui/Ja,F,35,Visp,20200904103352
Marie ZUCHUAT,PDC,Non/Nein,F,33,Sion,20200904103352
Fabian ZURBRIGGEN,SVPO,Non/Nein,H,46,Visp,20200904103352
Danica ZURBRIGGEN LEHNER,CSPO,Oui/Ja,F,40,Visp,20200904103352
Gabrielle BARRAS,UDC,Aucun/Keine,F,57,Sion,20200904103352
Jacques BLANC,AC,Aucun/Keine,H,66,Hérens,20200904103352
Lucile CURDY,AdG,Aucun/Keine,F,21,Conthey,20200904103352
Mélanie FOLLONIER,VLR,Aucun/Keine,F,28,Hérens,20200904103352
Christelle HERITIER,VLR,Aucun/Keine,F,35,Sion,20200904103352
Vincent LUYET,AC,Aucun/Keine,H,43,Sion,20200904103352
Natascha MÖRI,VLR,Aucun/Keine,F,38,Martigny,20200904103352
Géraldine POUGET-ZUFFEREY,PDC,Aucun/Keine,F,30,Sierre,20200904103352
Johan ROCHEL,AC,Aucun/Keine,H,36,Monthey,20200904103352
Felix RUPPEN,CVPO,Aucun/Keine,H,59,Brig,20200904103352
Gerhard SCHMID,CVPO,Aucun/Keine,H,72,Östlich Raron,20200904103352
Joséphine WAEBER,PDC,Aucun/Keine,F,35,Sierre,20200904103352
