name,group,vote,Genre,Âge,District,affairVoteId
Matteo ABÄCHERLI,CVPO,Oui/Ja,H,32,Visp,20200903141628
Claudia ALPIGER,ZUK-VS,Non/Nein,F,31,Brig,20200903141628
Romano AMACKER,SVPO,Oui/Ja,H,23,Westlich Raron,20200903141628
Maria ARNOLD-ESCHER,CVPO,Oui/Ja,F,57,Brig,20200903141628
Peter BÄHLER,SVPO,Oui/Ja,H,67,Goms,20200903141628
Gabrielle BARRAS,UDC,Oui/Ja,F,57,Sion,20200903141628
Fabrice BENDER,VLR,Oui/Ja,H,51,St-Maurice,20200903141628
Léonard BENDER,AC,Non/Nein,H,52,Martigny,20200903141628
Philippe BENDER,VLR,Oui/Ja,H,70,Martigny,20200903141628
Claudy BESSE,UDC,Oui/Ja,H,56,Monthey,20200903141628
Vincent BOAND,UDC,Oui/Ja,H,35,Sion,20200903141628
Jean BONNARD,AC,Oui/Ja,H,71,Sion,20200903141628
Alex BONVIN,UDC,Oui/Ja,H,61,Sierre,20200903141628
Nicolas BONVIN,PDC,Oui/Ja,H,31,Sierre,20200903141628
Sophie BORNET,PDC,Oui/Ja,F,52,Conthey,20200903141628
Gaël BOURGEOIS,AdG,Oui/Ja,H,37,Martigny,20200903141628
Hermann BRUNNER,CSPO,Oui/Ja,H,66,Westlich Raron,20200903141628
Michael BURGENER,CVPO,Oui/Ja,H,39,Visp,20200903141628
Paul BURGENER,CVPO,Oui/Ja,H,67,Visp,20200903141628
Peter BURRI,ZUK-VS,Oui/Ja,H,55,Visp,20200903141628
Mathieu CALOZ,VLR,Oui/Ja,H,27,Sierre,20200903141628
Chantal CARLEN,CVPO,Oui/Ja,F,28,Goms,20200903141628
Florine CARRON,LES VERTS,Non/Nein,F,42,Martigny,20200903141628
Florence CARRON DARBELLAY,PDC,Oui/Ja,F,47,Martigny,20200903141628
Patricia CASAYS,PDC,Oui/Ja,F,73,Monthey,20200903141628
Nicolas CHABLAIS,VLR,Non/Nein,H,32,Monthey,20200903141628
Jean-Dominique CIPOLLA,UDC,Oui/Ja,H,73,Martigny,20200903141628
Stéphane CLAVIEN,VLR,Oui/Ja,H,63,Sierre,20200903141628
Damien CLERC,PDC,Oui/Ja,H,39,Conthey,20200903141628
Gabrielle CORNUT-ZUFFEREY,LES VERTS,Non/Nein,F,59,Sierre,20200903141628
Adeline CRETTENAND,VLR,Oui/Ja,F,26,Martigny,20200903141628
Narcisse CRETTENAND,VLR,Oui/Ja,H,65,Martigny,20200903141628
Blaise CRETTOL,AC,Oui/Ja,H,48,Sierre,20200903141628
Cilette CRETTON,AC,Non/Nein,F,75,Martigny,20200903141628
Pierre DARBELLAY,PDC,Oui/Ja,H,32,Entremont,20200903141628
Olivier DERIVAZ,AdG,Oui/Ja,H,56,Monthey,20200903141628
Ralph DESSIMOZ,PDC,Oui/Ja,H,56,Conthey,20200903141628
Arnaud DUBOIS,VLR,Oui/Ja,H,35,Monthey,20200903141628
Alain DUBOSSON,UDC,Oui/Ja,H,21,Monthey,20200903141628
Corinne DUC BONVIN,AdG,Oui/Ja,F,53,Sierre,20200903141628
Sophie DUCREY,AC,Oui/Ja,F,25,Monthey,20200903141628
Marius DUMOULIN,PDC,Oui/Ja,H,65,Sion,20200903141628
Jean-Marc DUPONT,AdG,Oui/Ja,H,62,Martigny,20200903141628
Christian ESCHER,CSPO,Oui/Ja,H,41,Brig,20200903141628
Florian EVEQUOZ,AC,Oui/Ja,H,39,Conthey,20200903141628
German EYER,ZUK-VS,Non/Nein,H,59,Brig,20200903141628
Florent FAVRE,PDC,Oui/Ja,H,26,Conthey,20200903141628
Sandro FONTANA,PDC,Oui/Ja,H,54,Monthey,20200903141628
Jérôme FORMAZ,UDC,Oui/Ja,H,44,Entremont,20200903141628
Sabine FOURNIER,LES VERTS,Non/Nein,F,45,St-Maurice,20200903141628
Damien FUMEAUX,UDC,Oui/Ja,H,22,Conthey,20200903141628
Pascale FUMEAUX,AC,Non/Nein,F,38,Conthey,20200903141628
Claudia GAILLARD MOREND,LES VERTS,Non/Nein,F,54,Hérens,20200903141628
Marc-Antoine GENOLET,UDC,Oui/Ja,H,56,Hérens,20200903141628
François GENOUD,VLR,Oui/Ja,H,68,Sierre,20200903141628
Géraldine GIANADDA,VLR,Non/Nein,F,53,Martigny,20200903141628
Géraldine GRANGES-GUENOT,UDC,Oui/Ja,F,45,Martigny,20200903141628
Vincent GÜNTHER,LES VERTS,Non/Nein,H,51,Martigny,20200903141628
Ida HÄFLIGER,CSPO,Oui/Ja,F,63,Visp,20200903141628
Monika HOLZEGGER,ZUK-VS,Non/Nein,F,46,Brig,20200903141628
Lukas JÄGER,SVPO,Oui/Ja,H,65,Leuk,20200903141628
Lukas KALBERMATTEN,CVPO,Oui/Ja,H,49,Westlich Raron,20200903141628
Dominik KNUBEL,CVPO,Non/Nein,H,40,Westlich Raron,20200903141628
Michael KREUZER,SVPO,Oui/Ja,H,31,Visp,20200903141628
Ralph KUMMER,SVPO,Oui/Ja,H,42,Brig,20200903141628
Madeleine KUONEN-EGGO,ZUK-VS,Non/Nein,F,61,Leuk,20200903141628
Alain LÉGER,PDC,Oui/Ja,H,42,Martigny,20200903141628
Jean-François LOVEY,AC,Non/Nein,H,65,Entremont,20200903141628
Damien LUISIER,PDC,Oui/Ja,H,27,Martigny,20200903141628
Vincent LUYET,AC,Non/Nein,H,43,Sion,20200903141628
Natacha MARET,PDC,Oui/Ja,F,37,Entremont,20200903141628
Rainer MATHIER,CVPO,Oui/Ja,H,63,Leuk,20200903141628
Thomas MATTER,CSPO,Oui/Ja,H,54,Leuk,20200903141628
Kamy MAY,PDC,Oui/Ja,F,26,Entremont,20200903141628
Natascha MÖRI,VLR,Oui/Ja,F,38,Martigny,20200903141628
Fabienne MURMANN,CVPO,Oui/Ja,F,39,Leuk,20200903141628
Jean-Daniel NANCHEN,LES VERTS,Non/Nein,H,63,Sierre,20200903141628
Claude NANÇOZ,VLR,Oui/Ja,H,68,Conthey,20200903141628
Bernard OBERHOLZER,AC,Non/Nein,H,75,Monthey,20200903141628
Edmond PERRUCHOUD,UDC,Oui/Ja,H,73,Sierre,20200903141628
Frédéric PITTELOUD,PDC,Oui/Ja,H,45,Hérens,20200903141628
Emilie PRAZ,AC,Oui/Ja,F,34,Sion,20200903141628
François QUENNOZ,UDC,Oui/Ja,H,27,Sion,20200903141628
Damien RABOUD,UDC,Oui/Ja,H,34,Monthey,20200903141628
Pierre-Alain RAEMY,VLR,Oui/Ja,H,59,Sion,20200903141628
Célina RAMSAUER,AC,Oui/Ja,F,44,Sierre,20200903141628
Kurt REGOTZ,CSPO,Oui/Ja,H,67,Brig,20200903141628
Jean-Pierre REY,VLR,Oui/Ja,H,57,Sierre,20200903141628
Caroline REYNARD,AdG,Oui/Ja,F,24,Sion,20200903141628
Janine REY-SIGGEN,AdG,Oui/Ja,F,60,Sierre,20200903141628
Johan ROCHEL,AC,Oui/Ja,H,36,Monthey,20200903141628
Yann RODUIT,PDC,Oui/Ja,H,46,Sion,20200903141628
Martine ROUILLER,AC,Non/Nein,F,38,St-Maurice,20200903141628
Léa ROUILLER DESSIMOZ,LES VERTS,Non/Nein,F,20,Conthey,20200903141628
Christine ROUX,PDC,Oui/Ja,F,58,Sion,20200903141628
Gérard SALAMIN,PDC,Oui/Ja,H,57,Sierre,20200903141628
Mathieu SARRASIN,VLR,Oui/Ja,H,59,Entremont,20200903141628
Jean-Marc SAVIOZ,PDC,Oui/Ja,H,50,Sierre,20200903141628
Pierre SCHERTENLEIB,AdG,Non/Nein,H,67,Sion,20200903141628
Flavio SCHMID,CSPO,Oui/Ja,H,35,Visp,20200903141628
Gerhard SCHMID,CVPO,Non/Nein,H,72,Östlich Raron,20200903141628
Remo SCHNYDER,SVPO,Non/Nein,H,46,Brig,20200903141628
Alain SCHÖNBETT,VLR,Oui/Ja,H,65,Monthey,20200903141628
Martin SCHÜRCH,CVPO,Oui/Ja,H,48,Visp,20200903141628
Ruth STALDER,VLR,Oui/Ja,F,58,Sion,20200903141628
Fabien THETAZ,AdG,Abst./Enth.,H,34,Monthey,20200903141628
Bernard TROILLET,PDC,Oui/Ja,H,66,Martigny,20200903141628
Jean-Baptiste UDRESSY,UDC,Oui/Ja,H,27,Monthey,20200903141628
Romain UDRY,VLR,Oui/Ja,H,28,Conthey,20200903141628
Grégoire VANNAY,PDC,Oui/Ja,H,50,Monthey,20200903141628
Georges VIONNET,LES VERTS,Non/Nein,H,66,Monthey,20200903141628
Jenny VOEFFRAY,PDC,Oui/Ja,F,46,St-Maurice,20200903141628
Laurence VUAGNIAUX,LES VERTS,Non/Nein,F,45,Sion,20200903141628
Côme VUILLE,VLR,Oui/Ja,H,33,Monthey,20200903141628
Joséphine WAEBER,PDC,Oui/Ja,F,35,Sierre,20200903141628
Rafael WELSCHEN,CVPO,Oui/Ja,H,32,Brig,20200903141628
Leander WILLINER,CSPO,Oui/Ja,H,67,Brig,20200903141628
Jean ZERMATTEN,AC,Oui/Ja,H,72,Sion,20200903141628
Rahel ZIMMERMANN,ZUK-VS,Non/Nein,F,35,Visp,20200903141628
Marie ZUCHUAT,PDC,Oui/Ja,F,33,Sion,20200903141628
Fabian ZURBRIGGEN,SVPO,Oui/Ja,H,46,Visp,20200903141628
Danica ZURBRIGGEN LEHNER,CSPO,Oui/Ja,F,40,Visp,20200903141628
Jacques BLANC,AC,Aucun/Keine,H,66,Hérens,20200903141628
Lucile CURDY,AdG,Aucun/Keine,F,21,Conthey,20200903141628
Alina DARBELLAY,LES VERTS,Aucun/Keine,F,53,Sion,20200903141628
Mélanie FOLLONIER,VLR,Aucun/Keine,F,28,Hérens,20200903141628
Christelle HERITIER,VLR,Aucun/Keine,F,35,Sion,20200903141628
Nicolas METTAN,PDC,Aucun/Keine,H,59,St-Maurice,20200903141628
Géraldine POUGET-ZUFFEREY,PDC,Aucun/Keine,F,30,Sierre,20200903141628
Felix RUPPEN,CVPO,Aucun/Keine,H,59,Brig,20200903141628
