name,group,vote,Genre,Âge,District,affairVoteId
Matteo ABÄCHERLI,CVPO,Non/Nein,H,32,Visp,20200903112831
Claudia ALPIGER,ZUK-VS,Oui/Ja,F,31,Brig,20200903112831
Romano AMACKER,SVPO,Non/Nein,H,23,Westlich Raron,20200903112831
Maria ARNOLD-ESCHER,CVPO,Non/Nein,F,57,Brig,20200903112831
Peter BÄHLER,SVPO,Non/Nein,H,67,Goms,20200903112831
Gabrielle BARRAS,UDC,Non/Nein,F,57,Sion,20200903112831
Fabrice BENDER,VLR,Oui/Ja,H,51,St-Maurice,20200903112831
Léonard BENDER,AC,Oui/Ja,H,52,Martigny,20200903112831
Claudy BESSE,UDC,Non/Nein,H,56,Monthey,20200903112831
Vincent BOAND,UDC,Non/Nein,H,35,Sion,20200903112831
Jean BONNARD,AC,Oui/Ja,H,71,Sion,20200903112831
Alex BONVIN,UDC,Non/Nein,H,61,Sierre,20200903112831
Nicolas BONVIN,PDC,Oui/Ja,H,31,Sierre,20200903112831
Sophie BORNET,PDC,Oui/Ja,F,52,Conthey,20200903112831
Gaël BOURGEOIS,AdG,Oui/Ja,H,37,Martigny,20200903112831
Hermann BRUNNER,CSPO,Non/Nein,H,66,Westlich Raron,20200903112831
Michael BURGENER,CVPO,Non/Nein,H,39,Visp,20200903112831
Paul BURGENER,CVPO,Non/Nein,H,67,Visp,20200903112831
Peter BURRI,ZUK-VS,Oui/Ja,H,55,Visp,20200903112831
Mathieu CALOZ,VLR,Oui/Ja,H,27,Sierre,20200903112831
Chantal CARLEN,CVPO,Non/Nein,F,28,Goms,20200903112831
Florine CARRON,LES VERTS,Non/Nein,F,42,Martigny,20200903112831
Florence CARRON DARBELLAY,PDC,Oui/Ja,F,47,Martigny,20200903112831
Patricia CASAYS,PDC,Non/Nein,F,73,Monthey,20200903112831
Nicolas CHABLAIS,VLR,Oui/Ja,H,32,Monthey,20200903112831
Jean-Dominique CIPOLLA,UDC,Non/Nein,H,73,Martigny,20200903112831
Stéphane CLAVIEN,VLR,Oui/Ja,H,63,Sierre,20200903112831
Damien CLERC,PDC,Abst./Enth.,H,39,Conthey,20200903112831
Gabrielle CORNUT-ZUFFEREY,LES VERTS,Non/Nein,F,59,Sierre,20200903112831
Adeline CRETTENAND,VLR,Oui/Ja,F,26,Martigny,20200903112831
Narcisse CRETTENAND,VLR,Oui/Ja,H,65,Martigny,20200903112831
Blaise CRETTOL,AC,Oui/Ja,H,48,Sierre,20200903112831
Cilette CRETTON,AC,Oui/Ja,F,75,Martigny,20200903112831
Alina DARBELLAY,LES VERTS,Non/Nein,F,53,Sion,20200903112831
Pierre DARBELLAY,PDC,Oui/Ja,H,32,Entremont,20200903112831
Olivier DERIVAZ,AdG,Oui/Ja,H,56,Monthey,20200903112831
Ralph DESSIMOZ,PDC,Oui/Ja,H,56,Conthey,20200903112831
Arnaud DUBOIS,VLR,Oui/Ja,H,35,Monthey,20200903112831
Alain DUBOSSON,UDC,Non/Nein,H,21,Monthey,20200903112831
Corinne DUC BONVIN,AdG,Oui/Ja,F,53,Sierre,20200903112831
Sophie DUCREY,AC,Oui/Ja,F,25,Monthey,20200903112831
Marius DUMOULIN,PDC,Oui/Ja,H,65,Sion,20200903112831
Jean-Marc DUPONT,AdG,Oui/Ja,H,62,Martigny,20200903112831
Christian ESCHER,CSPO,Abst./Enth.,H,41,Brig,20200903112831
German EYER,ZUK-VS,Oui/Ja,H,59,Brig,20200903112831
Florent FAVRE,PDC,Oui/Ja,H,26,Conthey,20200903112831
Sandro FONTANA,PDC,Oui/Ja,H,54,Monthey,20200903112831
Jérôme FORMAZ,UDC,Non/Nein,H,44,Entremont,20200903112831
Sabine FOURNIER,LES VERTS,Non/Nein,F,45,St-Maurice,20200903112831
Damien FUMEAUX,UDC,Non/Nein,H,22,Conthey,20200903112831
Pascale FUMEAUX,AC,Oui/Ja,F,38,Conthey,20200903112831
Claudia GAILLARD MOREND,LES VERTS,Non/Nein,F,54,Hérens,20200903112831
Marc-Antoine GENOLET,UDC,Non/Nein,H,56,Hérens,20200903112831
François GENOUD,VLR,Oui/Ja,H,68,Sierre,20200903112831
Géraldine GIANADDA,VLR,Oui/Ja,F,53,Martigny,20200903112831
Géraldine GRANGES-GUENOT,UDC,Non/Nein,F,45,Martigny,20200903112831
Vincent GÜNTHER,LES VERTS,Non/Nein,H,51,Martigny,20200903112831
Ida HÄFLIGER,CSPO,Oui/Ja,F,63,Visp,20200903112831
Monika HOLZEGGER,ZUK-VS,Abst./Enth.,F,46,Brig,20200903112831
Lukas JÄGER,SVPO,Non/Nein,H,65,Leuk,20200903112831
Lukas KALBERMATTEN,CVPO,Oui/Ja,H,49,Westlich Raron,20200903112831
Dominik KNUBEL,CVPO,Oui/Ja,H,40,Westlich Raron,20200903112831
Michael KREUZER,SVPO,Non/Nein,H,31,Visp,20200903112831
Ralph KUMMER,SVPO,Non/Nein,H,42,Brig,20200903112831
Madeleine KUONEN-EGGO,ZUK-VS,Non/Nein,F,61,Leuk,20200903112831
Alain LÉGER,PDC,Oui/Ja,H,42,Martigny,20200903112831
Jean-François LOVEY,AC,Oui/Ja,H,65,Entremont,20200903112831
Damien LUISIER,PDC,Oui/Ja,H,27,Martigny,20200903112831
Vincent LUYET,AC,Oui/Ja,H,43,Sion,20200903112831
Natacha MARET,PDC,Oui/Ja,F,37,Entremont,20200903112831
Rainer MATHIER,CVPO,Non/Nein,H,63,Leuk,20200903112831
Thomas MATTER,CSPO,Oui/Ja,H,54,Leuk,20200903112831
Kamy MAY,PDC,Oui/Ja,F,26,Entremont,20200903112831
Nicolas METTAN,PDC,Oui/Ja,H,59,St-Maurice,20200903112831
Natascha MÖRI,VLR,Oui/Ja,F,38,Martigny,20200903112831
Fabienne MURMANN,CVPO,Non/Nein,F,39,Leuk,20200903112831
Jean-Daniel NANCHEN,LES VERTS,Non/Nein,H,63,Sierre,20200903112831
Claude NANÇOZ,VLR,Oui/Ja,H,68,Conthey,20200903112831
Bernard OBERHOLZER,AC,Oui/Ja,H,75,Monthey,20200903112831
Edmond PERRUCHOUD,UDC,Non/Nein,H,73,Sierre,20200903112831
Frédéric PITTELOUD,PDC,Oui/Ja,H,45,Hérens,20200903112831
Emilie PRAZ,AC,Oui/Ja,F,34,Sion,20200903112831
François QUENNOZ,UDC,Non/Nein,H,27,Sion,20200903112831
Damien RABOUD,UDC,Non/Nein,H,34,Monthey,20200903112831
Pierre-Alain RAEMY,VLR,Oui/Ja,H,59,Sion,20200903112831
Célina RAMSAUER,AC,Oui/Ja,F,44,Sierre,20200903112831
Kurt REGOTZ,CSPO,Non/Nein,H,67,Brig,20200903112831
Jean-Pierre REY,VLR,Oui/Ja,H,57,Sierre,20200903112831
Caroline REYNARD,AdG,Oui/Ja,F,24,Sion,20200903112831
Janine REY-SIGGEN,AdG,Oui/Ja,F,60,Sierre,20200903112831
Johan ROCHEL,AC,Oui/Ja,H,36,Monthey,20200903112831
Yann RODUIT,PDC,Oui/Ja,H,46,Sion,20200903112831
Martine ROUILLER,AC,Oui/Ja,F,38,St-Maurice,20200903112831
Léa ROUILLER DESSIMOZ,LES VERTS,Non/Nein,F,20,Conthey,20200903112831
Christine ROUX,PDC,Oui/Ja,F,58,Sion,20200903112831
Gérard SALAMIN,PDC,Oui/Ja,H,57,Sierre,20200903112831
Mathieu SARRASIN,VLR,Oui/Ja,H,59,Entremont,20200903112831
Jean-Marc SAVIOZ,PDC,Oui/Ja,H,50,Sierre,20200903112831
Pierre SCHERTENLEIB,AdG,Oui/Ja,H,67,Sion,20200903112831
Flavio SCHMID,CSPO,Non/Nein,H,35,Visp,20200903112831
Gerhard SCHMID,CVPO,Oui/Ja,H,72,Östlich Raron,20200903112831
Remo SCHNYDER,SVPO,Non/Nein,H,46,Brig,20200903112831
Alain SCHÖNBETT,VLR,Oui/Ja,H,65,Monthey,20200903112831
Martin SCHÜRCH,CVPO,Non/Nein,H,48,Visp,20200903112831
Ruth STALDER,VLR,Oui/Ja,F,58,Sion,20200903112831
Fabien THETAZ,AdG,Oui/Ja,H,34,Monthey,20200903112831
Bernard TROILLET,PDC,Oui/Ja,H,66,Martigny,20200903112831
Jean-Baptiste UDRESSY,UDC,Non/Nein,H,27,Monthey,20200903112831
Romain UDRY,VLR,Oui/Ja,H,28,Conthey,20200903112831
Grégoire VANNAY,PDC,Oui/Ja,H,50,Monthey,20200903112831
Georges VIONNET,LES VERTS,Non/Nein,H,66,Monthey,20200903112831
Jenny VOEFFRAY,PDC,Oui/Ja,F,46,St-Maurice,20200903112831
Laurence VUAGNIAUX,LES VERTS,Non/Nein,F,45,Sion,20200903112831
Côme VUILLE,VLR,Oui/Ja,H,33,Monthey,20200903112831
Joséphine WAEBER,PDC,Oui/Ja,F,35,Sierre,20200903112831
Rafael WELSCHEN,CVPO,Non/Nein,H,32,Brig,20200903112831
Leander WILLINER,CSPO,Oui/Ja,H,67,Brig,20200903112831
Jean ZERMATTEN,AC,Oui/Ja,H,72,Sion,20200903112831
Rahel ZIMMERMANN,ZUK-VS,Oui/Ja,F,35,Visp,20200903112831
Marie ZUCHUAT,PDC,Oui/Ja,F,33,Sion,20200903112831
Fabian ZURBRIGGEN,SVPO,Non/Nein,H,46,Visp,20200903112831
Danica ZURBRIGGEN LEHNER,CSPO,Non/Nein,F,40,Visp,20200903112831
Philippe BENDER,VLR,Aucun/Keine,H,70,Martigny,20200903112831
Jacques BLANC,AC,Aucun/Keine,H,66,Hérens,20200903112831
Lucile CURDY,AdG,Aucun/Keine,F,21,Conthey,20200903112831
Florian EVEQUOZ,AC,Aucun/Keine,H,39,Conthey,20200903112831
Mélanie FOLLONIER,VLR,Aucun/Keine,F,28,Hérens,20200903112831
Christelle HERITIER,VLR,Aucun/Keine,F,35,Sion,20200903112831
Géraldine POUGET-ZUFFEREY,PDC,Aucun/Keine,F,30,Sierre,20200903112831
Felix RUPPEN,CVPO,Aucun/Keine,H,59,Brig,20200903112831
