,filename,startTime,endTime,label,affairVoteId,meaningYes,meaningNo,meaningYesText,meaningNoText,numYes,numNo,numAbst,affair,section,note
31,Vote _2020-9-3_9-5-15.xls,2020-09-03 09:05:15,2020-09-03 09:05:31,Vote test - Testabstimmung,20200903090515,Accepter,Refuser,Accepter,Refuser,99,10,4,,,
65,Vote _2020-9-3_10-16-21.xls,2020-09-03 10:16:21,2020-09-03 10:16:37,"B.1.1, point 2 : Commission contre UDC",20200903101621,Accepter,Refuser,Accepter,Refuser,101,17,1,,,
21,Vote _2020-9-3_10-17-30.xls,2020-09-03 10:17:30,2020-09-03 10:17:46,"B.1.1, point 3 : Commission contre SVPO (Zurbriggen)",20200903101730,Accepter,Refuser,Accepter,Refuser,100,21,0,,,
56,Vote _2020-9-3_10-18-26.xls,2020-09-03 10:18:26,2020-09-03 10:18:42,"B.3.1, Commission contre VLR",20200903101826,Accepter,Refuser,Accepter,Refuser,62,59,1,,,
33,Vote _2020-9-3_10-21-45.xls,2020-09-03 10:21:45,2020-09-03 10:22:01,"B.5.1, vote 1 : Commission contre SVPO (Schnyder)",20200903102145,Accepter,Refuser,Accepter,Refuser,99,22,1,,,
45,Vote _2020-9-3_10-22-17.xls,2020-09-03 10:22:17,2020-09-03 10:22:32,"B.5.1, vote 2 : Commission contre UDC",20200903102217,Accepter,Refuser,Accepter,Refuser,100,21,0,,,
89,Vote _2020-9-3_10-22-57.xls,2020-09-03 10:22:57,2020-09-03 10:23:13,"B.5.1, vote 3 : résultat votes 1 et 2 contre SVPO (Kreuzer)",20200903102257,Accepter,Refuser,Accepter,Refuser,100,19,1,,,
19,Vote _2020-9-3_10-23-20.xls,2020-09-03 10:23:20,2020-09-03 10:23:36,"B.5.1, vote 4 : résultat vote 3 contre AC",20200903102320,Accepter,Refuser,Accepter,Refuser,79,36,4,,,
9,Vote _2020-9-3_11-0-36.xls,2020-09-03 11:00:36,2020-09-03 11:00:51,"C.1.1, point 1, vote 1 : Commission contre VLR",20200903110036,Accepter,Refuser,Accepter,Refuser,33,76,8,,,
66,Vote _2020-9-3_11-1-21.xls,2020-09-03 11:01:21,2020-09-03 11:01:36,"C.1.1, point 3, vote 1 : SVPO (Kreuzer) contre VLR",20200903110121,Accepter,Refuser,Accepter,Refuser,19,88,8,,,
28,Vote _2020-9-3_11-2-0.xls,2020-09-03 11:02:00,2020-09-03 11:02:16,"C.1.1, point 3, vote 2 : Commission contre résultat vote 1",20200903110200,Accepter,Refuser,Accepter,Refuser,30,87,3,,,
27,Vote _2020-9-3_11-2-46.xls,2020-09-03 11:02:46,2020-09-03 11:03:02,"C.1.1, point 4, vote 1 : PDCVr contre VLR",20200903110246,Accepter,Refuser,Accepter,Refuser,62,51,6,,,
64,Vote _2020-9-3_11-3-30.xls,2020-09-03 11:03:30,2020-09-03 11:03:46,"C.1.1, point 4, vote 2 : résultat vote 1 contre SVPO (Kreuzer )",20200903110330,Accepter,Refuser,Accepter,Refuser,88,20,13,,,
68,Vote _2020-9-3_11-4-16.xls,2020-09-03 11:04:16,2020-09-03 11:04:32,"C.1.1, point 4, vote 3 : Commission contre résultat vote 2",20200903110416,Accepter,Refuser,Accepter,Refuser,60,59,2,,,
15,Vote _2020-9-3_11-4-56.xls,2020-09-03 11:04:56,2020-09-03 11:05:12,"C.1.1, point 4, vote 4 : résultat vote 3 contre UDC",20200903110456,Accepter,Refuser,Accepter,Refuser,83,34,3,,,
59,Vote _2020-9-3_11-5-46.xls,2020-09-03 11:05:46,2020-09-03 11:06:02,"C.1.1, point 5, vote 1 : Commission contre SVPO (Kreuzer), UDC et PDCVr",20200903110546,Accepter,Refuser,Accepter,Refuser,64,48,7,,,
0,Vote _2020-9-3_11-6-40.xls,2020-09-03 11:06:40,2020-09-03 11:06:56,"C.1.1, point 5, vote 2 : F. Zurbriggen contre Verts",20200903110640,Accepter,Refuser,Accepter,Refuser,37,59,24,,,
95,Vote _2020-9-3_11-7-19.xls,2020-09-03 11:07:19,2020-09-03 11:07:35,"C.1.1, point 5, vote 3 : Commission contre résultat vote 2",20200903110719,Accepter,Refuser,Accepter,Refuser,73,43,4,,,
70,Vote _2020-9-3_11-8-4.xls,2020-09-03 11:08:04,2020-09-03 11:08:20,"C.1.1, point 6, vote 1 : Commission contre Verts",20200903110804,Accepter,Refuser,Accepter,Refuser,86,33,1,,,
8,Vote _2020-9-3_11-8-46.xls,2020-09-03 11:08:46,2020-09-03 11:09:02,"C.1.1, point 8 : Commission contre PS-GC",20200903110846,Accepter,Refuser,Accepter,Refuser,93,25,2,,,
74,Vote _2020-9-3_11-10-4.xls,2020-09-03 11:10:04,2020-09-03 11:10:20,"C.2.1, point 1 : Commission contre SVPO (Kreuzer), UDC et VLR",20200903111004,Accepter,Refuser,Accepter,Refuser,83,35,4,,,
98,Vote _2020-9-3_11-10-46.xls,2020-09-03 11:10:46,2020-09-03 11:11:02,"C.2.1, point 2, vote 1 : SVPO (Jäger) OUI / NON",20200903111046,Accepter,Refuser,Accepter,Refuser,39,78,3,,,
75,Vote _2020-9-3_11-11-16.xls,2020-09-03 11:11:16,2020-09-03 11:11:32,"C.2.1, point 2, vote 2 : VLR OUI / NON",20200903111116,Accepter,Refuser,Accepter,Refuser,46,70,3,,,
71,Vote _2020-9-3_11-12-20.xls,2020-09-03 11:12:20,2020-09-03 11:12:36,"C.2.1, point 2, vote 3 : Commission (y.c. résultat votes 1 et 2) contre UDC",20200903111220,Accepter,Refuser,Accepter,Refuser,35,83,4,,,
14,Vote _2020-9-3_11-12-48.xls,2020-09-03 11:12:48,2020-09-03 11:13:04,"C.3.1, point 3, vote 1 : UDC OUI / NON",20200903111248,Accepter,Refuser,Accepter,Refuser,72,46,2,,,
84,Vote _2020-9-3_11-13-39.xls,2020-09-03 11:13:39,2020-09-03 11:13:55,C.3.1 : Commission (y.c. votes PDCVr et UDC) contre SVPO (Amacker),20200903111339,Accepter,Refuser,Accepter,Refuser,99,23,1,,,
96,Vote _2020-9-3_11-25-9.xls,2020-09-03 11:25:09,2020-09-03 11:25:25,"D.1.1, point 1 : Commission contre SVPO (Amacker) et UDC",20200903112509,Accepter,Refuser,Accepter,Refuser,90,31,0,,,
82,Vote _2020-9-3_11-25-38.xls,2020-09-03 11:25:38,2020-09-03 11:25:54,"D.1.1, point 2 : Commission contre UDC",20200903112538,Accepter,Refuser,Accepter,Refuser,99,22,0,,,
40,Vote _2020-9-3_11-26-12.xls,2020-09-03 11:26:12,2020-09-03 11:26:28,"D.1.1, point 3, vote 1 : VLR contre SVPO (Kummer)",20200903112612,Accepter,Refuser,Accepter,Refuser,65,40,13,,,
5,Vote _2020-9-3_11-26-49.xls,2020-09-03 11:26:49,2020-09-03 11:27:05,"D.1.1, point 3, vote 2 : Commission contre résultat vote 1",20200903112649,Accepter,Refuser,Accepter,Refuser,75,43,3,,,
16,Vote _2020-9-3_11-27-25.xls,2020-09-03 11:27:25,2020-09-03 11:27:41,"D.1.1, point 5, vote 1 : Commission contre Verts",20200903112725,Accepter,Refuser,Accepter,Refuser,71,48,1,,,
39,Vote _2020-9-3_11-27-52.xls,2020-09-03 11:27:52,2020-09-03 11:28:08,"D.1.1, point 5, vote 2 : Commission contre UDC",20200903112752,Accepter,Refuser,Accepter,Refuser,102,20,0,,,
54,Vote _2020-9-3_11-28-31.xls,2020-09-03 11:28:31,2020-09-03 11:28:47,"D.1.1, point 6, vote 1 : VLR contre SVPO (Amacker)",20200903112831,Accepter,Refuser,Accepter,Refuser,73,46,3,,,
2,Vote _2020-9-3_11-29-8.xls,2020-09-03 11:29:08,2020-09-03 11:29:23,"D.1.1, point 6, vote 2 : Commission contre résultat vote 1",20200903112908,Accepter,Refuser,Accepter,Refuser,16,105,1,,,
48,Vote _2020-9-3_11-29-54.xls,2020-09-03 11:29:54,2020-09-03 11:30:10,"D.1.1, point 7 : Commission contre SVPO (Kreuzer)",20200903112954,Accepter,Refuser,Accepter,Refuser,98,21,1,,,
63,Vote _2020-9-3_11-30-46.xls,2020-09-03 11:30:46,2020-09-03 11:31:02,"D.1.1, point 8, vote 1 : VLR contre SVPO (Kreuzer)",20200903113046,Accepter,Refuser,Accepter,Refuser,67,31,23,,,
41,Vote _2020-9-3_11-31-20.xls,2020-09-03 11:31:20,2020-09-03 11:31:36,"D.1.1, point 8, vote 2 : résultat vote 1 contre UDC (biffer)",20200903113120,Accepter,Refuser,Accepter,Refuser,97,13,4,,,
18,Vote _2020-9-3_11-32-12.xls,2020-09-03 11:32:12,2020-09-03 11:32:28,"D.1.1, point 8, vote 3 : Commission contre résultat vote 2",20200903113212,Accepter,Refuser,Accepter,Refuser,68,50,4,,,
76,Vote _2020-9-3_12-21-57.xls,2020-09-03 12:21:57,2020-09-03 12:22:13,"E.1.1, titre et point 3 : Commission 1 et Commission 2 contre AC",20200903122157,Accepter,Refuser,Accepter,Refuser,81,41,1,,,
11,Vote _2020-9-3_12-22-30.xls,2020-09-03 12:22:30,2020-09-03 12:22:46,"E.1.1, point 2 : Commission contre VLR",20200903122230,Accepter,Refuser,Accepter,Refuser,60,54,6,,,
24,Vote _2020-9-3_12-23-11.xls,2020-09-03 12:23:11,2020-09-03 12:23:27,"E.2.1, point 2, vote 1 : VLR OUI / NON",20200903122311,Accepter,Refuser,Accepter,Refuser,66,53,4,,,
97,Vote _2020-9-3_12-23-43.xls,2020-09-03 12:23:43,2020-09-03 12:23:59,"E.2.1, point 2, vote 2 : SVPO (Zurbriggen) OUI / NON",20200903122343,Accepter,Refuser,Accepter,Refuser,66,51,5,,,
72,Vote _2020-9-3_12-24-15.xls,2020-09-03 12:24:15,2020-09-03 12:24:31,"E.2.1, point 2, vote 3 : Verts OUI / NON",20200903122415,Accepter,Refuser,Accepter,Refuser,35,86,2,,,
67,Vote _2020-9-3_12-25-6.xls,2020-09-03 12:25:06,2020-09-03 12:25:22,"E.2.1, point 3 : Commission contre UDC et SVPO (Zurbriggen)",20200903122506,Accepter,Refuser,Accepter,Refuser,98,23,2,,,
60,Vote _2020-9-3_12-25-50.xls,2020-09-03 12:25:50,2020-09-03 12:26:06,"E.2.2, vote 1 : Commission contre concept AC",20200903122550,Accepter,Refuser,Accepter,Refuser,77,42,2,,,
43,Vote _2020-9-3_12-26-24.xls,2020-09-03 12:26:24,2020-09-03 12:26:40,"E.2.2, point 3 : Commission contre CSPO",20200903122624,Accepter,Refuser,Accepter,Refuser,73,47,1,,,
58,Vote _2020-9-3_12-27-3.xls,2020-09-03 12:27:03,2020-09-03 12:27:19,"E.2.3, vote 1 : SVPO (Schnyder) contre UDC",20200903122703,Accepter,Refuser,Accepter,Refuser,76,19,25,,,
78,Vote _2020-9-3_12-27-34.xls,2020-09-03 12:27:34,2020-09-03 12:27:50,"E.2.3, vote 2 : Commission contre résultat vote 1",20200903122734,Accepter,Refuser,Accepter,Refuser,79,42,1,,,
62,Vote _2020-9-3_12-28-12.xls,2020-09-03 12:28:12,2020-09-03 12:28:28,"E.2.3, vote 3 : Commission (y.c. résultat vote 2) contre concept AC",20200903122812,Accepter,Refuser,Accepter,Refuser,81,40,1,,,
6,Vote _2020-9-3_12-28-50.xls,2020-09-03 12:28:50,2020-09-03 12:29:06,"E.2.4, vote 1 : Commission contre F. Zurbriggen",20200903122850,Accepter,Refuser,Accepter,Refuser,108,14,1,,,
88,Vote _2020-9-3_12-29-21.xls,2020-09-03 12:29:21,2020-09-03 12:29:37,"E.2.4, vote 2 : résultat vote 1 contre concept AC",20200903122921,Accepter,Refuser,Accepter,Refuser,79,41,3,,,
44,Vote _2020-9-3_14-15-5.xls,2020-09-03 14:15:05,2020-09-03 14:15:21,"F.2.1 : Commission contre Verts, PS-GC, AC et VLR",20200903141505,Accepter,Refuser,Accepter,Refuser,64,52,2,,,
91,Vote _2020-9-3_14-15-50.xls,2020-09-03 14:15:50,2020-09-03 14:16:06,"F.2.2, point 2 : Commission contre Verts",20200903141550,Accepter,Refuser,Accepter,Refuser,65,52,3,,,
100,Vote _2020-9-3_14-16-28.xls,2020-09-03 14:16:28,2020-09-03 14:16:43,"G.1.1, vote 1 : Commission contre Verts",20200903141628,Accepter,Refuser,Accepter,Refuser,94,27,1,,,
38,Vote _2020-9-3_14-17-15.xls,2020-09-03 14:17:15,2020-09-03 14:17:31,"G.1.1, vote 2 : PS-GC OUI / NON",20200903141715,Accepter,Refuser,Accepter,Refuser,32,86,2,,,
90,Vote _2020-9-3_15-1-59.xls,2020-09-03 15:01:59,2020-09-03 15:02:15,Entrée en matière OUI / NON (UDC),20200903150159,Accepter,Refuser,Accepter,Refuser,84,33,5,,,
99,Vote _2020-9-3_15-42-22.xls,2020-09-03 15:42:22,2020-09-03 15:42:37,Motion d'ordre Vionnet - Ordnungsantrag Vionnet,20200903154222,Accepter,Refuser,Accepter,Refuser,37,78,7,,,
26,Vote _2020-9-3_15-43-19.xls,2020-09-03 15:43:19,2020-09-03 15:43:35,Motion d'ordre PDCVr - Ordnungsantrag PDCVr,20200903154319,Accepter,Refuser,Accepter,Refuser,79,35,6,,,
29,Vote _2020-9-3_15-44-12.xls,2020-09-03 15:44:12,2020-09-03 15:44:28,Motion d'ordre: renvoi / Ordnungsantrag: Rückweisung,20200903154412,Accepter,Refuser,Accepter,Refuser,52,60,9,,,
93,Vote _2020-9-3_15-50-23.xls,2020-09-03 15:50:23,2020-09-03 15:50:39,Amendement VLR - Abänderungsantrag OUI / NON,20200903155023,Accepter,Refuser,Accepter,Refuser,71,45,6,,,
37,Vote _2020-9-3_16-9-38.xls,2020-09-03 16:09:38,2020-09-03 16:09:54,"C.1.1, vote 1 : PDCVr contre CSPO et UDC",20200903160938,Accepter,Refuser,Accepter,Refuser,88,29,5,,,
85,Vote _2020-9-3_16-10-20.xls,2020-09-03 16:10:20,2020-09-03 16:10:36,"C.1.1, vote 2 : Commission contre résultat vote 1",20200903161020,Accepter,Refuser,Accepter,Refuser,54,65,2,,,
36,Vote _2020-9-3_16-11-23.xls,2020-09-03 16:11:23,2020-09-03 16:11:39,"C.2.1, vote 1 : CSPO contre Verts",20200903161123,Accepter,Refuser,Accepter,Refuser,51,36,33,,,
25,Vote _2020-9-3_16-12-8.xls,2020-09-03 16:12:08,2020-09-03 16:12:24,"C.2.1, vote 2 : Commission contre résultat vote 1",20200903161208,Accepter,Refuser,Accepter,Refuser,81,37,2,,,
92,Vote _2020-9-3_16-13-6.xls,2020-09-03 16:13:06,2020-09-03 16:13:22,"C.3.1, vote 1 : Commission contre AC",20200903161306,Accepter,Refuser,Accepter,Refuser,81,39,2,,,
12,Vote _2020-9-3_16-13-50.xls,2020-09-03 16:13:50,2020-09-03 16:14:06,MC.3.2 : Commission contre AC,20200903161350,Accepter,Refuser,Accepter,Refuser,75,39,8,,,
4,Vote _2020-9-3_16-14-48.xls,2020-09-03 16:14:48,2020-09-03 16:15:04,"C.4.1, vote 1 : CSPO, CVPO et PDCVr contre SVPO (Zurbriggen)",20200903161448,Accepter,Refuser,Accepter,Refuser,93,23,5,,,
87,Vote _2020-9-3_16-15-38.xls,2020-09-03 16:15:38,2020-09-03 16:15:54,"C.4.1, vote 1 : CSPO, CVPO et PDCVr contre SVPO (Zurbriggen)",20200903161538,Accepter,Refuser,Accepter,Refuser,39,78,5,,,
53,Vote _2020-9-3_16-41-20.xls,2020-09-03 16:41:20,2020-09-03 16:41:36,Entrée en matière / Eintreten,20200903164120,Accepter,Refuser,Accepter,Refuser,103,12,5,,,
13,Vote _2020-9-3_16-41-58.xls,2020-09-03 16:41:58,2020-09-03 16:42:14,Proposition du Bureau OUI / NON,20200903164158,Accepter,Refuser,Accepter,Refuser,97,18,6,,,
22,Vote _2020-9-4_10-28-28.xls,2020-09-04 10:28:28,2020-09-04 10:28:44,"A.1 / A.2 / A.3, vote 1 : Commission contre concept CVPO et CSPO",20200904102828,Accepter,Refuser,Accepter,Refuser,75,44,1,,,
32,Vote _2020-9-4_10-29-21.xls,2020-09-04 10:29:21,2020-09-04 10:29:37,"A.4, vote 1 : AC contre SVPO (Kreuzer) et UDC",20200904102921,Accepter,Refuser,Accepter,Refuser,51,35,33,,,
7,Vote _2020-9-4_10-30-7.xls,2020-09-04 10:30:07,2020-09-04 10:30:23,"A.4, vote 2 : Commission contre résultat vote 1 ",20200904103007,Accepter,Refuser,Accepter,Refuser,79,37,2,,,
101,Vote _2020-9-4_10-30-54.xls,2020-09-04 10:30:54,2020-09-04 10:31:10,"A.4, vote 3 : VLR contre F. Zurbriggen",20200904103054,Accepter,Refuser,Accepter,Refuser,90,26,4,,,
46,Vote _2020-9-4_10-32-12.xls,2020-09-04 10:32:12,2020-09-04 10:32:28,A.5 : Commission contre PS-GC,20200904103212,Accepter,Refuser,Accepter,Refuser,94,25,1,,,
50,Vote _2020-9-4_10-33-47.xls,2020-09-04 10:33:47,2020-09-04 10:33:49,"A.4, vote 4 : Commission contre résultat vote 3 ",20200904103347,Accepter,Refuser,Accepter,Refuser,9,33,1,,,
42,Vote _2020-9-4_10-33-52.xls,2020-09-04 10:33:52,2020-09-04 10:34:07,"A.4, vote 4 : Commission contre résultat vote 3 ",20200904103352,Accepter,Refuser,Accepter,Refuser,34,78,6,,,
23,Vote _2020-9-4_10-35-3.xls,2020-09-04 10:35:03,2020-09-04 10:35:13,"A.4, vote 3 : VLR contre F. Zurbriggen",20200904103503,Accepter,Refuser,Accepter,Refuser,85,31,2,,,
35,Vote _2020-9-4_10-35-30.xls,2020-09-04 10:35:30,2020-09-04 10:35:46,B.1 : Commission contre SVPO (Zurbriggen),20200904103530,Accepter,Refuser,Accepter,Refuser,84,30,5,,,
20,Vote _2020-9-4_10-36-29.xls,2020-09-04 10:36:29,2020-09-04 10:36:45,"B.2, vote 1 : CVPO et PDCVr contre UDC",20200904103629,Accepter,Refuser,Accepter,Refuser,94,20,6,,,
52,Vote _2020-9-4_10-37-12.xls,2020-09-04 10:37:12,2020-09-04 10:37:28,"B.2, vote 2 : Commission contre résultat vote 1",20200904103712,Accepter,Refuser,Accepter,Refuser,27,85,8,,,
77,Vote _2020-9-4_10-37-58.xls,2020-09-04 10:37:58,2020-09-04 10:38:14,B.3 : Commission contre UDC et SVPO (Zurbriggen),20200904103758,Accepter,Refuser,Accepter,Refuser,91,26,3,,,
61,Vote _2020-9-4_11-39-4.xls,2020-09-04 11:39:04,2020-09-04 11:39:20,C.1 : Commission contre minorité MC.1,20200904113904,Accepter,Refuser,Accepter,Refuser,47,71,1,,,
34,Vote _2020-9-4_11-39-47.xls,2020-09-04 11:39:47,2020-09-04 11:40:03,C.2 : Commission contre minorité MC.2,20200904113947,Accepter,Refuser,Accepter,Refuser,47,71,1,,,
10,Vote _2020-9-4_11-40-44.xls,2020-09-04 11:40:44,2020-09-04 11:41:00,D.1 : Commission contre minorité MD.1,20200904114044,Accepter,Refuser,Accepter,Refuser,47,71,2,,,
86,Vote _2020-9-4_11-41-21.xls,2020-09-04 11:41:21,2020-09-04 11:41:37,D.2 : Commission contre minorité MD.2,20200904114121,Accepter,Refuser,Accepter,Refuser,55,63,2,,,
51,Vote _2020-9-4_11-42-18.xls,2020-09-04 11:42:18,2020-09-04 11:42:34,"D.3, vote 1 : Commission contre Verts, ZW et AC",20200904114218,Accepter,Refuser,Accepter,Refuser,41,69,9,,,
47,Vote _2020-9-4_11-43-9.xls,2020-09-04 11:43:09,2020-09-04 11:43:25,"D.3, vote 2 : résultat vote 1 contre minorité MD.3.b) ",20200904114309,Accepter,Refuser,Accepter,Refuser,46,71,2,,,
79,Vote _2020-9-4_11-44-2.xls,2020-09-04 11:44:02,2020-09-04 11:44:18,"E.1, vote 1 : UDC contre PDCVr",20200904114402,Accepter,Refuser,Accepter,Refuser,22,90,5,,,
30,Vote _2020-9-4_11-44-43.xls,2020-09-04 11:44:43,2020-09-04 11:44:59,"E.1, vote 2 : Commission contre résultat vote 1",20200904114443,Accepter,Refuser,Accepter,Refuser,36,80,3,,,
73,Vote _2020-9-4_12-10-0.xls,2020-09-04 12:10:00,2020-09-04 12:10:16,"F.3, vote 1 : concept PS-GC et CSPO contre concept SVPO (Kreuzer) et CVPO",20200904121000,Accepter,Refuser,Accepter,Refuser,38,31,44,,,
17,Vote _2020-9-4_12-10-44.xls,2020-09-04 12:10:44,2020-09-04 12:11:00,"F.3, vote 2 : commission contre résultat vote 1",20200904121044,Accepter,Refuser,Accepter,Refuser,80,33,4,,,
80,Vote _2020-9-4_12-11-34.xls,2020-09-04 12:11:34,2020-09-04 12:11:50,"F.4, vote 1 : Commission contre CVPO et PDCVr",20200904121134,Accepter,Refuser,Accepter,Refuser,63,50,4,,,
69,Vote _2020-9-4_12-12-15.xls,2020-09-04 12:12:15,2020-09-04 12:12:31,"F.4, vote 2 : résultat vote 1 contre AC",20200904121215,Accepter,Refuser,Accepter,Refuser,86,32,1,,,
57,Vote _2020-9-4_12-37-51.xls,2020-09-04 12:37:51,2020-09-04 12:38:07,G.1 : Commission contre concept Farquet / Chablais,20200904123751,Accepter,Refuser,Accepter,Refuser,106,9,3,,,
3,Vote _2020-9-4_12-38-43.xls,2020-09-04 12:38:43,2020-09-04 12:38:59,"G.3, vote 1 : Commission contre PS-GC",20200904123843,Accepter,Refuser,Accepter,Refuser,88,29,2,,,
81,Vote _2020-9-4_12-39-21.xls,2020-09-04 12:39:21,2020-09-04 12:39:37,"G.3, vote 2 : Commission contre UDC",20200904123921,Accepter,Refuser,Accepter,Refuser,98,21,0,,,
49,Vote _2020-9-4_12-40-5.xls,2020-09-04 12:40:05,2020-09-04 12:40:21,G.5 : Commission contre AC et PS-GC,20200904124005,Accepter,Refuser,Accepter,Refuser,75,38,6,,,
1,Vote _2020-9-4_12-41-2.xls,2020-09-04 12:41:02,2020-09-04 12:41:18,"I.1, vote 1 : UDC contre VLR",20200904124102,Accepter,Refuser,Accepter,Refuser,60,30,28,,,
83,Vote _2020-9-4_12-41-39.xls,2020-09-04 12:41:39,2020-09-04 12:41:55,"I.1, vote 2 : Commission contre résultat vote 1",20200904124139,Accepter,Refuser,Accepter,Refuser,83,32,3,,,
55,Vote _2020-9-4_12-42-35.xls,2020-09-04 12:42:35,2020-09-04 12:42:51,"J.1, vote 1 : Commission = CVPO OUI / NON",20200904124235,Accepter,Refuser,Accepter,Refuser,117,2,0,,,
94,Vote _2020-9-4_12-43-12.xls,2020-09-04 12:43:12,2020-09-04 12:43:28,J.1bis : vote UDC OUI / NON,20200904124312,Accepter,Refuser,Accepter,Refuser,57,48,13,,,
