name,group,vote,Genre,Âge,District,affairVoteId
Matteo ABÄCHERLI,CVPO,Oui/Ja,H,32,Visp,20200903110804
Claudia ALPIGER,ZUK-VS,Non/Nein,F,31,Brig,20200903110804
Romano AMACKER,SVPO,Oui/Ja,H,23,Westlich Raron,20200903110804
Maria ARNOLD-ESCHER,CVPO,Oui/Ja,F,57,Brig,20200903110804
Peter BÄHLER,SVPO,Oui/Ja,H,67,Goms,20200903110804
Gabrielle BARRAS,UDC,Oui/Ja,F,57,Sion,20200903110804
Fabrice BENDER,VLR,Oui/Ja,H,51,St-Maurice,20200903110804
Léonard BENDER,AC,Non/Nein,H,52,Martigny,20200903110804
Philippe BENDER,VLR,Oui/Ja,H,70,Martigny,20200903110804
Claudy BESSE,UDC,Oui/Ja,H,56,Monthey,20200903110804
Vincent BOAND,UDC,Oui/Ja,H,35,Sion,20200903110804
Jean BONNARD,AC,Oui/Ja,H,71,Sion,20200903110804
Alex BONVIN,UDC,Oui/Ja,H,61,Sierre,20200903110804
Nicolas BONVIN,PDC,Oui/Ja,H,31,Sierre,20200903110804
Sophie BORNET,PDC,Oui/Ja,F,52,Conthey,20200903110804
Gaël BOURGEOIS,AdG,Non/Nein,H,37,Martigny,20200903110804
Hermann BRUNNER,CSPO,Oui/Ja,H,66,Westlich Raron,20200903110804
Michael BURGENER,CVPO,Oui/Ja,H,39,Visp,20200903110804
Paul BURGENER,CVPO,Non/Nein,H,67,Visp,20200903110804
Peter BURRI,ZUK-VS,Oui/Ja,H,55,Visp,20200903110804
Mathieu CALOZ,VLR,Oui/Ja,H,27,Sierre,20200903110804
Chantal CARLEN,CVPO,Oui/Ja,F,28,Goms,20200903110804
Florine CARRON,LES VERTS,Non/Nein,F,42,Martigny,20200903110804
Florence CARRON DARBELLAY,PDC,Oui/Ja,F,47,Martigny,20200903110804
Patricia CASAYS,PDC,Oui/Ja,F,73,Monthey,20200903110804
Nicolas CHABLAIS,VLR,Oui/Ja,H,32,Monthey,20200903110804
Jean-Dominique CIPOLLA,UDC,Oui/Ja,H,73,Martigny,20200903110804
Stéphane CLAVIEN,VLR,Oui/Ja,H,63,Sierre,20200903110804
Damien CLERC,PDC,Oui/Ja,H,39,Conthey,20200903110804
Gabrielle CORNUT-ZUFFEREY,LES VERTS,Non/Nein,F,59,Sierre,20200903110804
Adeline CRETTENAND,VLR,Oui/Ja,F,26,Martigny,20200903110804
Narcisse CRETTENAND,VLR,Oui/Ja,H,65,Martigny,20200903110804
Blaise CRETTOL,AC,Oui/Ja,H,48,Sierre,20200903110804
Cilette CRETTON,AC,Non/Nein,F,75,Martigny,20200903110804
Alina DARBELLAY,LES VERTS,Non/Nein,F,53,Sion,20200903110804
Pierre DARBELLAY,PDC,Oui/Ja,H,32,Entremont,20200903110804
Olivier DERIVAZ,AdG,Non/Nein,H,56,Monthey,20200903110804
Ralph DESSIMOZ,PDC,Oui/Ja,H,56,Conthey,20200903110804
Arnaud DUBOIS,VLR,Oui/Ja,H,35,Monthey,20200903110804
Alain DUBOSSON,UDC,Oui/Ja,H,21,Monthey,20200903110804
Corinne DUC BONVIN,AdG,Non/Nein,F,53,Sierre,20200903110804
Sophie DUCREY,AC,Oui/Ja,F,25,Monthey,20200903110804
Marius DUMOULIN,PDC,Oui/Ja,H,65,Sion,20200903110804
Jean-Marc DUPONT,AdG,Non/Nein,H,62,Martigny,20200903110804
Christian ESCHER,CSPO,Oui/Ja,H,41,Brig,20200903110804
German EYER,ZUK-VS,Non/Nein,H,59,Brig,20200903110804
Florent FAVRE,PDC,Oui/Ja,H,26,Conthey,20200903110804
Sandro FONTANA,PDC,Oui/Ja,H,54,Monthey,20200903110804
Jérôme FORMAZ,UDC,Oui/Ja,H,44,Entremont,20200903110804
Sabine FOURNIER,LES VERTS,Non/Nein,F,45,St-Maurice,20200903110804
Damien FUMEAUX,UDC,Oui/Ja,H,22,Conthey,20200903110804
Pascale FUMEAUX,AC,Non/Nein,F,38,Conthey,20200903110804
Claudia GAILLARD MOREND,LES VERTS,Non/Nein,F,54,Hérens,20200903110804
Marc-Antoine GENOLET,UDC,Oui/Ja,H,56,Hérens,20200903110804
François GENOUD,VLR,Oui/Ja,H,68,Sierre,20200903110804
Géraldine GIANADDA,VLR,Oui/Ja,F,53,Martigny,20200903110804
Géraldine GRANGES-GUENOT,UDC,Oui/Ja,F,45,Martigny,20200903110804
Vincent GÜNTHER,LES VERTS,Non/Nein,H,51,Martigny,20200903110804
Ida HÄFLIGER,CSPO,Oui/Ja,F,63,Visp,20200903110804
Monika HOLZEGGER,ZUK-VS,Non/Nein,F,46,Brig,20200903110804
Lukas JÄGER,SVPO,Oui/Ja,H,65,Leuk,20200903110804
Lukas KALBERMATTEN,CVPO,Oui/Ja,H,49,Westlich Raron,20200903110804
Dominik KNUBEL,CVPO,Oui/Ja,H,40,Westlich Raron,20200903110804
Michael KREUZER,SVPO,Oui/Ja,H,31,Visp,20200903110804
Ralph KUMMER,SVPO,Oui/Ja,H,42,Brig,20200903110804
Madeleine KUONEN-EGGO,ZUK-VS,Non/Nein,F,61,Leuk,20200903110804
Alain LÉGER,PDC,Oui/Ja,H,42,Martigny,20200903110804
Jean-François LOVEY,AC,Oui/Ja,H,65,Entremont,20200903110804
Damien LUISIER,PDC,Oui/Ja,H,27,Martigny,20200903110804
Vincent LUYET,AC,Non/Nein,H,43,Sion,20200903110804
Natacha MARET,PDC,Oui/Ja,F,37,Entremont,20200903110804
Rainer MATHIER,CVPO,Oui/Ja,H,63,Leuk,20200903110804
Thomas MATTER,CSPO,Oui/Ja,H,54,Leuk,20200903110804
Kamy MAY,PDC,Oui/Ja,F,26,Entremont,20200903110804
Nicolas METTAN,PDC,Oui/Ja,H,59,St-Maurice,20200903110804
Natascha MÖRI,VLR,Oui/Ja,F,38,Martigny,20200903110804
Fabienne MURMANN,CVPO,Oui/Ja,F,39,Leuk,20200903110804
Jean-Daniel NANCHEN,LES VERTS,Non/Nein,H,63,Sierre,20200903110804
Claude NANÇOZ,VLR,Oui/Ja,H,68,Conthey,20200903110804
Bernard OBERHOLZER,AC,Oui/Ja,H,75,Monthey,20200903110804
Frédéric PITTELOUD,PDC,Abst./Enth.,H,45,Hérens,20200903110804
Emilie PRAZ,AC,Non/Nein,F,34,Sion,20200903110804
François QUENNOZ,UDC,Oui/Ja,H,27,Sion,20200903110804
Damien RABOUD,UDC,Oui/Ja,H,34,Monthey,20200903110804
Pierre-Alain RAEMY,VLR,Oui/Ja,H,59,Sion,20200903110804
Célina RAMSAUER,AC,Oui/Ja,F,44,Sierre,20200903110804
Kurt REGOTZ,CSPO,Oui/Ja,H,67,Brig,20200903110804
Jean-Pierre REY,VLR,Non/Nein,H,57,Sierre,20200903110804
Caroline REYNARD,AdG,Non/Nein,F,24,Sion,20200903110804
Janine REY-SIGGEN,AdG,Non/Nein,F,60,Sierre,20200903110804
Johan ROCHEL,AC,Non/Nein,H,36,Monthey,20200903110804
Yann RODUIT,PDC,Oui/Ja,H,46,Sion,20200903110804
Martine ROUILLER,AC,Non/Nein,F,38,St-Maurice,20200903110804
Léa ROUILLER DESSIMOZ,LES VERTS,Non/Nein,F,20,Conthey,20200903110804
Christine ROUX,PDC,Oui/Ja,F,58,Sion,20200903110804
Gérard SALAMIN,PDC,Oui/Ja,H,57,Sierre,20200903110804
Mathieu SARRASIN,VLR,Oui/Ja,H,59,Entremont,20200903110804
Jean-Marc SAVIOZ,PDC,Oui/Ja,H,50,Sierre,20200903110804
Pierre SCHERTENLEIB,AdG,Non/Nein,H,67,Sion,20200903110804
Flavio SCHMID,CSPO,Oui/Ja,H,35,Visp,20200903110804
Remo SCHNYDER,SVPO,Oui/Ja,H,46,Brig,20200903110804
Alain SCHÖNBETT,VLR,Non/Nein,H,65,Monthey,20200903110804
Martin SCHÜRCH,CVPO,Oui/Ja,H,48,Visp,20200903110804
Ruth STALDER,VLR,Oui/Ja,F,58,Sion,20200903110804
Fabien THETAZ,AdG,Non/Nein,H,34,Monthey,20200903110804
Bernard TROILLET,PDC,Oui/Ja,H,66,Martigny,20200903110804
Jean-Baptiste UDRESSY,UDC,Oui/Ja,H,27,Monthey,20200903110804
Romain UDRY,VLR,Oui/Ja,H,28,Conthey,20200903110804
Grégoire VANNAY,PDC,Oui/Ja,H,50,Monthey,20200903110804
Georges VIONNET,LES VERTS,Non/Nein,H,66,Monthey,20200903110804
Jenny VOEFFRAY,PDC,Oui/Ja,F,46,St-Maurice,20200903110804
Laurence VUAGNIAUX,LES VERTS,Non/Nein,F,45,Sion,20200903110804
Côme VUILLE,VLR,Oui/Ja,H,33,Monthey,20200903110804
Joséphine WAEBER,PDC,Oui/Ja,F,35,Sierre,20200903110804
Rafael WELSCHEN,CVPO,Oui/Ja,H,32,Brig,20200903110804
Leander WILLINER,CSPO,Oui/Ja,H,67,Brig,20200903110804
Rahel ZIMMERMANN,ZUK-VS,Non/Nein,F,35,Visp,20200903110804
Marie ZUCHUAT,PDC,Oui/Ja,F,33,Sion,20200903110804
Fabian ZURBRIGGEN,SVPO,Oui/Ja,H,46,Visp,20200903110804
Danica ZURBRIGGEN LEHNER,CSPO,Oui/Ja,F,40,Visp,20200903110804
Jacques BLANC,AC,Aucun/Keine,H,66,Hérens,20200903110804
Lucile CURDY,AdG,Aucun/Keine,F,21,Conthey,20200903110804
Florian EVEQUOZ,AC,Aucun/Keine,H,39,Conthey,20200903110804
Mélanie FOLLONIER,VLR,Aucun/Keine,F,28,Hérens,20200903110804
Christelle HERITIER,VLR,Aucun/Keine,F,35,Sion,20200903110804
Edmond PERRUCHOUD,UDC,Aucun/Keine,H,73,Sierre,20200903110804
Géraldine POUGET-ZUFFEREY,PDC,Aucun/Keine,F,30,Sierre,20200903110804
Felix RUPPEN,CVPO,Aucun/Keine,H,59,Brig,20200903110804
Gerhard SCHMID,CVPO,Aucun/Keine,H,72,Östlich Raron,20200903110804
Jean ZERMATTEN,AC,Aucun/Keine,H,72,Sion,20200903110804
