,filename,startTime,endTime,label,affairVoteId,meaningYes,meaningNo,meaningYesText,meaningNoText,numYes,numNo,numAbst,affair,section,note,attachment
31,Vote _2020-9-3_9-5-15.xls,2020-09-03 09:05:15,2020-09-03 09:05:31,Vote test - Testabstimmung,20200903090515,Accepter,Refuser,,,99,10,4,,,,
65,Vote _2020-9-3_10-16-21.xls,2020-09-03 10:16:21,2020-09-03 10:16:37,"B.1.1, point 2 : Commission contre UDC",20200903101621,Accepter,Refuser,,,101,17,1,,Débats préliminaires - Commission 1,,Amendements Commission 1_Abänderungsanträge Kommission 1.pdf
21,Vote _2020-9-3_10-17-30.xls,2020-09-03 10:17:30,2020-09-03 10:17:46,"B.1.1, point 3 : Commission contre SVPO (Zurbriggen)",20200903101730,Accepter,Refuser,,,100,21,0,,Débats préliminaires - Commission 1,,Amendements Commission 1_Abänderungsanträge Kommission 1.pdf
56,Vote _2020-9-3_10-18-26.xls,2020-09-03 10:18:26,2020-09-03 10:18:42,"B.3.1, Commission contre VLR",20200903101826,Accepter,Refuser,,,62,59,1,,Débats préliminaires - Commission 1,,Amendements Commission 1_Abänderungsanträge Kommission 1.pdf
33,Vote _2020-9-3_10-21-45.xls,2020-09-03 10:21:45,2020-09-03 10:22:01,"B.5.1, vote 1 : Commission contre SVPO (Schnyder)",20200903102145,Accepter,Refuser,,,99,22,1,,Débats préliminaires - Commission 1,,Amendements Commission 1_Abänderungsanträge Kommission 1.pdf
45,Vote _2020-9-3_10-22-17.xls,2020-09-03 10:22:17,2020-09-03 10:22:32,"B.5.1, vote 2 : Commission contre UDC",20200903102217,Accepter,Refuser,,,100,21,0,,Débats préliminaires - Commission 1,,Amendements Commission 1_Abänderungsanträge Kommission 1.pdf
89,Vote _2020-9-3_10-22-57.xls,2020-09-03 10:22:57,2020-09-03 10:23:13,"B.5.1, vote 3 : résultat votes 1 et 2 contre SVPO (Kreuzer)",20200903102257,Accepter,Refuser,,,100,19,1,,Débats préliminaires - Commission 1,,Amendements Commission 1_Abänderungsanträge Kommission 1.pdf
19,Vote _2020-9-3_10-23-20.xls,2020-09-03 10:23:20,2020-09-03 10:23:36,"B.5.1, vote 4 : résultat vote 3 contre AC",20200903102320,Accepter,Refuser,,,79,36,4,,Débats préliminaires - Commission 1,,Amendements Commission 1_Abänderungsanträge Kommission 1.pdf
9,Vote _2020-9-3_11-0-36.xls,2020-09-03 11:00:36,2020-09-03 11:00:51,"C.1.1, point 1, vote 1 : Commission contre VLR",20200903110036,Accepter,Refuser,,,33,76,8,,Débats préliminaires - Commission 1,,Amendements Commission 1_Abänderungsanträge Kommission 1.pdf
66,Vote _2020-9-3_11-1-21.xls,2020-09-03 11:01:21,2020-09-03 11:01:36,"C.1.1, point 3, vote 1 : SVPO (Kreuzer) contre VLR",20200903110121,Accepter,Refuser,,,19,88,8,,Débats préliminaires - Commission 1,,Amendements Commission 1_Abänderungsanträge Kommission 1.pdf
28,Vote _2020-9-3_11-2-0.xls,2020-09-03 11:02:00,2020-09-03 11:02:16,"C.1.1, point 3, vote 2 : Commission contre résultat vote 1",20200903110200,Accepter,Refuser,,,30,87,3,,Débats préliminaires - Commission 1,,Amendements Commission 1_Abänderungsanträge Kommission 1.pdf
27,Vote _2020-9-3_11-2-46.xls,2020-09-03 11:02:46,2020-09-03 11:03:02,"C.1.1, point 4, vote 1 : PDCVr contre VLR",20200903110246,Accepter,Refuser,,,62,51,6,,Débats préliminaires - Commission 1,,Amendements Commission 1_Abänderungsanträge Kommission 1.pdf
64,Vote _2020-9-3_11-3-30.xls,2020-09-03 11:03:30,2020-09-03 11:03:46,"C.1.1, point 4, vote 2 : résultat vote 1 contre SVPO (Kreuzer )",20200903110330,Accepter,Refuser,,,88,20,13,,Débats préliminaires - Commission 1,,Amendements Commission 1_Abänderungsanträge Kommission 1.pdf
68,Vote _2020-9-3_11-4-16.xls,2020-09-03 11:04:16,2020-09-03 11:04:32,"C.1.1, point 4, vote 3 : Commission contre résultat vote 2",20200903110416,Accepter,Refuser,,,60,59,2,,Débats préliminaires - Commission 1,,Amendements Commission 1_Abänderungsanträge Kommission 1.pdf
15,Vote _2020-9-3_11-4-56.xls,2020-09-03 11:04:56,2020-09-03 11:05:12,"C.1.1, point 4, vote 4 : résultat vote 3 contre UDC",20200903110456,Accepter,Refuser,,,83,34,3,,Débats préliminaires - Commission 1,,Amendements Commission 1_Abänderungsanträge Kommission 1.pdf
59,Vote _2020-9-3_11-5-46.xls,2020-09-03 11:05:46,2020-09-03 11:06:02,"C.1.1, point 5, vote 1 : Commission contre SVPO (Kreuzer), UDC et PDCVr",20200903110546,Accepter,Refuser,,,64,48,7,,Débats préliminaires - Commission 1,,Amendements Commission 1_Abänderungsanträge Kommission 1.pdf
0,Vote _2020-9-3_11-6-40.xls,2020-09-03 11:06:40,2020-09-03 11:06:56,"C.1.1, point 5, vote 2 : F. Zurbriggen contre Verts",20200903110640,Accepter,Refuser,,,37,59,24,,Débats préliminaires - Commission 1,,Amendements Commission 1_Abänderungsanträge Kommission 1.pdf
95,Vote _2020-9-3_11-7-19.xls,2020-09-03 11:07:19,2020-09-03 11:07:35,"C.1.1, point 5, vote 3 : Commission contre résultat vote 2",20200903110719,Accepter,Refuser,,,73,43,4,,Débats préliminaires - Commission 1,,Amendements Commission 1_Abänderungsanträge Kommission 1.pdf
70,Vote _2020-9-3_11-8-4.xls,2020-09-03 11:08:04,2020-09-03 11:08:20,"C.1.1, point 6, vote 1 : Commission contre Verts",20200903110804,Accepter,Refuser,,,86,33,1,,Débats préliminaires - Commission 1,,Amendements Commission 1_Abänderungsanträge Kommission 1.pdf
8,Vote _2020-9-3_11-8-46.xls,2020-09-03 11:08:46,2020-09-03 11:09:02,"C.1.1, point 8 : Commission contre PS-GC",20200903110846,Accepter,Refuser,,,93,25,2,,Débats préliminaires - Commission 1,,Amendements Commission 1_Abänderungsanträge Kommission 1.pdf
74,Vote _2020-9-3_11-10-4.xls,2020-09-03 11:10:04,2020-09-03 11:10:20,"C.2.1, point 1 : Commission contre SVPO (Kreuzer), UDC et VLR",20200903111004,Accepter,Refuser,,,83,35,4,,Débats préliminaires - Commission 1,,Amendements Commission 1_Abänderungsanträge Kommission 1.pdf
98,Vote _2020-9-3_11-10-46.xls,2020-09-03 11:10:46,2020-09-03 11:11:02,"C.2.1, point 2, vote 1 : SVPO (Jäger) OUI / NON",20200903111046,Accepter,Refuser,,,39,78,3,,Débats préliminaires - Commission 1,,Amendements Commission 1_Abänderungsanträge Kommission 1.pdf
75,Vote _2020-9-3_11-11-16.xls,2020-09-03 11:11:16,2020-09-03 11:11:32,"C.2.1, point 2, vote 2 : VLR OUI / NON",20200903111116,Accepter,Refuser,,,46,70,3,,Débats préliminaires - Commission 1,,Amendements Commission 1_Abänderungsanträge Kommission 1.pdf
71,Vote _2020-9-3_11-12-20.xls,2020-09-03 11:12:20,2020-09-03 11:12:36,"C.2.1, point 2, vote 3 : Commission (y.c. résultat votes 1 et 2) contre UDC",20200903111220,Accepter,Refuser,,,35,83,4,,Débats préliminaires - Commission 1,,Amendements Commission 1_Abänderungsanträge Kommission 1.pdf
14,Vote _2020-9-3_11-12-48.xls,2020-09-03 11:12:48,2020-09-03 11:13:04,"C.3.1, point 3, vote 1 : UDC OUI / NON",20200903111248,Accepter,Refuser,,,72,46,2,,Débats préliminaires - Commission 1,,Amendements Commission 1_Abänderungsanträge Kommission 1.pdf
84,Vote _2020-9-3_11-13-39.xls,2020-09-03 11:13:39,2020-09-03 11:13:55,C.3.1 : Commission (y.c. votes PDCVr et UDC) contre SVPO (Amacker),20200903111339,Accepter,Refuser,,,99,23,1,,Débats préliminaires - Commission 1,,Amendements Commission 1_Abänderungsanträge Kommission 1.pdf
96,Vote _2020-9-3_11-25-9.xls,2020-09-03 11:25:09,2020-09-03 11:25:25,"D.1.1, point 1 : Commission contre SVPO (Amacker) et UDC",20200903112509,Accepter,Refuser,,,90,31,0,,Débats préliminaires - Commission 1,,Amendements Commission 1_Abänderungsanträge Kommission 1.pdf
82,Vote _2020-9-3_11-25-38.xls,2020-09-03 11:25:38,2020-09-03 11:25:54,"D.1.1, point 2 : Commission contre UDC",20200903112538,Accepter,Refuser,,,99,22,0,,Débats préliminaires - Commission 1,,Amendements Commission 1_Abänderungsanträge Kommission 1.pdf
40,Vote _2020-9-3_11-26-12.xls,2020-09-03 11:26:12,2020-09-03 11:26:28,"D.1.1, point 3, vote 1 : VLR contre SVPO (Kummer)",20200903112612,Accepter,Refuser,,,65,40,13,,Débats préliminaires - Commission 1,,Amendements Commission 1_Abänderungsanträge Kommission 1.pdf
5,Vote _2020-9-3_11-26-49.xls,2020-09-03 11:26:49,2020-09-03 11:27:05,"D.1.1, point 3, vote 2 : Commission contre résultat vote 1",20200903112649,Accepter,Refuser,,,75,43,3,,Débats préliminaires - Commission 1,,Amendements Commission 1_Abänderungsanträge Kommission 1.pdf
16,Vote _2020-9-3_11-27-25.xls,2020-09-03 11:27:25,2020-09-03 11:27:41,"D.1.1, point 5, vote 1 : Commission contre Verts",20200903112725,Accepter,Refuser,,,71,48,1,,Débats préliminaires - Commission 1,,Amendements Commission 1_Abänderungsanträge Kommission 1.pdf
39,Vote _2020-9-3_11-27-52.xls,2020-09-03 11:27:52,2020-09-03 11:28:08,"D.1.1, point 5, vote 2 : Commission contre UDC",20200903112752,Accepter,Refuser,,,102,20,0,,Débats préliminaires - Commission 1,,Amendements Commission 1_Abänderungsanträge Kommission 1.pdf
54,Vote _2020-9-3_11-28-31.xls,2020-09-03 11:28:31,2020-09-03 11:28:47,"D.1.1, point 6, vote 1 : VLR contre SVPO (Amacker)",20200903112831,Accepter,Refuser,,,73,46,3,,Débats préliminaires - Commission 1,,Amendements Commission 1_Abänderungsanträge Kommission 1.pdf
2,Vote _2020-9-3_11-29-8.xls,2020-09-03 11:29:08,2020-09-03 11:29:23,"D.1.1, point 6, vote 2 : Commission contre résultat vote 1",20200903112908,Accepter,Refuser,,,16,105,1,,Débats préliminaires - Commission 1,,Amendements Commission 1_Abänderungsanträge Kommission 1.pdf
48,Vote _2020-9-3_11-29-54.xls,2020-09-03 11:29:54,2020-09-03 11:30:10,"D.1.1, point 7 : Commission contre SVPO (Kreuzer)",20200903112954,Accepter,Refuser,,,98,21,1,,Débats préliminaires - Commission 1,,Amendements Commission 1_Abänderungsanträge Kommission 1.pdf
63,Vote _2020-9-3_11-30-46.xls,2020-09-03 11:30:46,2020-09-03 11:31:02,"D.1.1, point 8, vote 1 : VLR contre SVPO (Kreuzer)",20200903113046,Accepter,Refuser,,,67,31,23,,Débats préliminaires - Commission 1,,Amendements Commission 1_Abänderungsanträge Kommission 1.pdf
41,Vote _2020-9-3_11-31-20.xls,2020-09-03 11:31:20,2020-09-03 11:31:36,"D.1.1, point 8, vote 2 : résultat vote 1 contre UDC (biffer)",20200903113120,Accepter,Refuser,,,97,13,4,,Débats préliminaires - Commission 1,,Amendements Commission 1_Abänderungsanträge Kommission 1.pdf
18,Vote _2020-9-3_11-32-12.xls,2020-09-03 11:32:12,2020-09-03 11:32:28,"D.1.1, point 8, vote 3 : Commission contre résultat vote 2",20200903113212,Accepter,Refuser,,,68,50,4,,Débats préliminaires - Commission 1,,Amendements Commission 1_Abänderungsanträge Kommission 1.pdf
76,Vote _2020-9-3_12-21-57.xls,2020-09-03 12:21:57,2020-09-03 12:22:13,"E.1.1, titre et point 3 : Commission 1 et Commission 2 contre AC",20200903122157,Accepter,Refuser,,,81,41,1,,Débats préliminaires - Commission 1,,Amendements Commission 1_Abänderungsanträge Kommission 1.pdf
11,Vote _2020-9-3_12-22-30.xls,2020-09-03 12:22:30,2020-09-03 12:22:46,"E.1.1, point 2 : Commission contre VLR",20200903122230,Accepter,Refuser,,,60,54,6,,Débats préliminaires - Commission 1,,Amendements Commission 1_Abänderungsanträge Kommission 1.pdf
24,Vote _2020-9-3_12-23-11.xls,2020-09-03 12:23:11,2020-09-03 12:23:27,"E.2.1, point 2, vote 1 : VLR OUI / NON",20200903122311,Accepter,Refuser,,,66,53,4,,Débats préliminaires - Commission 1,,Amendements Commission 1_Abänderungsanträge Kommission 1.pdf
97,Vote _2020-9-3_12-23-43.xls,2020-09-03 12:23:43,2020-09-03 12:23:59,"E.2.1, point 2, vote 2 : SVPO (Zurbriggen) OUI / NON",20200903122343,Accepter,Refuser,,,66,51,5,,Débats préliminaires - Commission 1,,Amendements Commission 1_Abänderungsanträge Kommission 1.pdf
72,Vote _2020-9-3_12-24-15.xls,2020-09-03 12:24:15,2020-09-03 12:24:31,"E.2.1, point 2, vote 3 : Verts OUI / NON",20200903122415,Accepter,Refuser,,,35,86,2,,Débats préliminaires - Commission 1,,Amendements Commission 1_Abänderungsanträge Kommission 1.pdf
67,Vote _2020-9-3_12-25-6.xls,2020-09-03 12:25:06,2020-09-03 12:25:22,"E.2.1, point 3 : Commission contre UDC et SVPO (Zurbriggen)",20200903122506,Accepter,Refuser,,,98,23,2,,Débats préliminaires - Commission 1,,Amendements Commission 1_Abänderungsanträge Kommission 1.pdf
60,Vote _2020-9-3_12-25-50.xls,2020-09-03 12:25:50,2020-09-03 12:26:06,"E.2.2, vote 1 : Commission contre concept AC",20200903122550,Accepter,Refuser,<b>Proposition de la commission (E.2.2)</b><br/>1. L’Église catholique romaine et l’Église évangélique réformée sont reconnues comme personnes juridiques de droit public.<br/>2. L’État leur assure les moyens nécessaires à l’accomplissement de leur mission au service de la population.<br/>3. La loi fixe les prestations de l’État et des communes.,"<b>Amendement Appel Citoyen</b><br/>1. Le statut de droit public est accessible à toutes les collectivités religieuses. (voir dispositions transitoires)<br/>2. Le statut de droit public est conféré à toute collectivité religieuse qui en fait la demande expresse et qui remplit les conditions fixées par la loi.<br/>3. Les conditions suivantes doivent obligatoirement être remplies : déclaration et respect de l’ordre constitutionnel fédéral et cantonal, accomplissement d’activités répondant aux besoins socio-culturels de la population et indication périodique des sources de financement et transparence financière.<br/><br/>Disposition transitoire : Les communautés religieuses qui jouissent déjà d’un statut de droit public au moment de l’entrée en vigueur de la présente constitution conservent ce statut pour autant qu’elles remplissent les conditions énoncées à l’art. E.2.2.",77,42,2,Reconnaissance des collectivités religieuses,Débats préliminaires - Commission 1,,Amendements Commission 1_Abänderungsanträge Kommission 1.pdf
43,Vote _2020-9-3_12-26-24.xls,2020-09-03 12:26:24,2020-09-03 12:26:40,"E.2.2, point 3 : Commission contre CSPO",20200903122624,Accepter,Refuser,,,73,47,1,,Débats préliminaires - Commission 1,,Amendements Commission 1_Abänderungsanträge Kommission 1.pdf
58,Vote _2020-9-3_12-27-3.xls,2020-09-03 12:27:03,2020-09-03 12:27:19,"E.2.3, vote 1 : SVPO (Schnyder) contre UDC",20200903122703,Accepter,Refuser,,,76,19,25,,Débats préliminaires - Commission 1,,Amendements Commission 1_Abänderungsanträge Kommission 1.pdf
78,Vote _2020-9-3_12-27-34.xls,2020-09-03 12:27:34,2020-09-03 12:27:50,"E.2.3, vote 2 : Commission contre résultat vote 1",20200903122734,Accepter,Refuser,,,79,42,1,,Débats préliminaires - Commission 1,,Amendements Commission 1_Abänderungsanträge Kommission 1.pdf
62,Vote _2020-9-3_12-28-12.xls,2020-09-03 12:28:12,2020-09-03 12:28:28,"E.2.3, vote 3 : Commission (y.c. résultat vote 2) contre concept AC",20200903122812,Accepter,Refuser,"<b>Proposition de la commission (E.2.3)</b><br/>Les autres communautés religieuses sont soumises au droit privé. A leur demande, l’Etat peut leur conférer le statut d’intérêt public. Leur reconnaissance est liée notamment à leur importance, à la durée de leur implantation, à un fonctionnement respectueux des règles démocratiques et de la transparence financière.","<b>Amendement Appel Citoyen</b><br/>1. Les collectivités publiques (canton et communes) peuvent être appelées à contribuer, de manière appropriée, aux frais de fonctionnement des collectivités religieuses de droit public pour les tâches d’intérêt public au service de l’ensemble de la population qu’elles accomplissent ou qui leur sont déléguées. La loi précise les formes de soutien possibles.<br/>2. Les communes peuvent soutenir les collectivités religieuses de droit public pour le prélèvement des contributions de leurs adhérents.<br/>3. Aucune personne physique ou morale ne peut être contrainte de payer un impôt dédié à une collectivité religieuse, à laquelle il n’a pas formellement adhéré.<br/>4. Les activités cultuelles sont de la compétence exclusive des collectivités religieuses et supportées par elles.",81,40,1,Financement des collectivités religieuses,Débats préliminaires - Commission 1,,Amendements Commission 1_Abänderungsanträge Kommission 1.pdf
6,Vote _2020-9-3_12-28-50.xls,2020-09-03 12:28:50,2020-09-03 12:29:06,"E.2.4, vote 1 : Commission contre F. Zurbriggen",20200903122850,Accepter,Refuser,,,108,14,1,,Débats préliminaires - Commission 1,,Amendements Commission 1_Abänderungsanträge Kommission 1.pdf
88,Vote _2020-9-3_12-29-21.xls,2020-09-03 12:29:21,2020-09-03 12:29:37,"E.2.4, vote 2 : résultat vote 1 contre concept AC",20200903122921,Accepter,Refuser,,,79,41,3,,Débats préliminaires - Commission 1,,Amendements Commission 1_Abänderungsanträge Kommission 1.pdf
44,Vote _2020-9-3_14-15-5.xls,2020-09-03 14:15:05,2020-09-03 14:15:21,"F.2.1 : Commission contre Verts, PS-GC, AC et VLR",20200903141505,Accepter,Refuser,,,64,52,2,,Débats préliminaires - Commission 1,,Amendements Commission 1_Abänderungsanträge Kommission 1.pdf
91,Vote _2020-9-3_14-15-50.xls,2020-09-03 14:15:50,2020-09-03 14:16:06,"F.2.2, point 2 : Commission contre Verts",20200903141550,Accepter,Refuser,,,65,52,3,,Débats préliminaires - Commission 1,,Amendements Commission 1_Abänderungsanträge Kommission 1.pdf
100,Vote _2020-9-3_14-16-28.xls,2020-09-03 14:16:28,2020-09-03 14:16:43,"G.1.1, vote 1 : Commission contre Verts",20200903141628,Accepter,Refuser,,,94,27,1,,Débats préliminaires - Commission 1,,Amendements Commission 1_Abänderungsanträge Kommission 1.pdf
38,Vote _2020-9-3_14-17-15.xls,2020-09-03 14:17:15,2020-09-03 14:17:31,"G.1.1, vote 2 : PS-GC OUI / NON",20200903141715,Accepter,Refuser,,,32,86,2,,Débats préliminaires - Commission 1,,Amendements Commission 1_Abänderungsanträge Kommission 1.pdf
90,Vote _2020-9-3_15-1-59.xls,2020-09-03 15:01:59,2020-09-03 15:02:15,Entrée en matière OUI / NON (UDC),20200903150159,Accepter,Refuser,,,84,33,5,,Débats préliminaires - Commission 2,,Amendements Commission 2_Abänderungsanträge Kommission 2.pdf
99,Vote _2020-9-3_15-42-22.xls,2020-09-03 15:42:22,2020-09-03 15:42:37,Motion d'ordre Vionnet - Ordnungsantrag Vionnet,20200903154222,Accepter,Refuser,,,37,78,7,,Débats préliminaires - Commission 2,,Amendements Commission 2_Abänderungsanträge Kommission 2.pdf
26,Vote _2020-9-3_15-43-19.xls,2020-09-03 15:43:19,2020-09-03 15:43:35,Motion d'ordre PDCVr - Ordnungsantrag PDCVr,20200903154319,Accepter,Refuser,,,79,35,6,,Débats préliminaires - Commission 2,,Amendements Commission 2_Abänderungsanträge Kommission 2.pdf
29,Vote _2020-9-3_15-44-12.xls,2020-09-03 15:44:12,2020-09-03 15:44:28,Motion d'ordre: renvoi / Ordnungsantrag: Rückweisung,20200903154412,Accepter,Refuser,,,52,60,9,,Débats préliminaires - Commission 2,,Amendements Commission 2_Abänderungsanträge Kommission 2.pdf
93,Vote _2020-9-3_15-50-23.xls,2020-09-03 15:50:23,2020-09-03 15:50:39,Amendement VLR - Abänderungsantrag OUI / NON,20200903155023,Accepter,Refuser,,,71,45,6,,Débats préliminaires - Commission 2,,Amendements Commission 2_Abänderungsanträge Kommission 2.pdf
37,Vote _2020-9-3_16-9-38.xls,2020-09-03 16:09:38,2020-09-03 16:09:54,"C.1.1, vote 1 : PDCVr contre CSPO et UDC",20200903160938,Accepter,Refuser,,,88,29,5,,Débats préliminaires - Commission 2,,Amendements Commission 2_Abänderungsanträge Kommission 2.pdf
85,Vote _2020-9-3_16-10-20.xls,2020-09-03 16:10:20,2020-09-03 16:10:36,"C.1.1, vote 2 : Commission contre résultat vote 1",20200903161020,Accepter,Refuser,,,54,65,2,,Débats préliminaires - Commission 2,,Amendements Commission 2_Abänderungsanträge Kommission 2.pdf
36,Vote _2020-9-3_16-11-23.xls,2020-09-03 16:11:23,2020-09-03 16:11:39,"C.2.1, vote 1 : CSPO contre Verts",20200903161123,Accepter,Refuser,,,51,36,33,,Débats préliminaires - Commission 2,,Amendements Commission 2_Abänderungsanträge Kommission 2.pdf
25,Vote _2020-9-3_16-12-8.xls,2020-09-03 16:12:08,2020-09-03 16:12:24,"C.2.1, vote 2 : Commission contre résultat vote 1",20200903161208,Accepter,Refuser,,,81,37,2,,Débats préliminaires - Commission 2,,Amendements Commission 2_Abänderungsanträge Kommission 2.pdf
92,Vote _2020-9-3_16-13-6.xls,2020-09-03 16:13:06,2020-09-03 16:13:22,"C.3.1, vote 1 : Commission contre AC",20200903161306,Accepter,Refuser,,,81,39,2,,Débats préliminaires - Commission 2,,Amendements Commission 2_Abänderungsanträge Kommission 2.pdf
12,Vote _2020-9-3_16-13-50.xls,2020-09-03 16:13:50,2020-09-03 16:14:06,MC.3.2 : Commission contre AC,20200903161350,Accepter,Refuser,,,75,39,8,,Débats préliminaires - Commission 2,,Amendements Commission 2_Abänderungsanträge Kommission 2.pdf
4,Vote _2020-9-3_16-14-48.xls,2020-09-03 16:14:48,2020-09-03 16:15:04,"C.4.1, vote 1 : CSPO, CVPO et PDCVr contre SVPO (Zurbriggen)",20200903161448,Accepter,Refuser,,,93,23,5,,Débats préliminaires - Commission 2,,Amendements Commission 2_Abänderungsanträge Kommission 2.pdf
87,Vote _2020-9-3_16-15-38.xls,2020-09-03 16:15:38,2020-09-03 16:15:54,"C.4.1, vote 1 : CSPO, CVPO et PDCVr contre SVPO (Zurbriggen)",20200903161538,Accepter,Refuser,"<b>Proposition de la commission (C.4.1)</b><br/>La transparence du financement de la vie politique est garantie. Les partis politiques sont tenus de publier leurs budgets et comptes annuels, leurs budgets et comptes de campagnes, de même que l’identité́ des personnes ayant participé dans une large mesure à leur financement. Les membres élus des autorités cantonales publient, au début de l’année civile les revenus qu’ils tirent de leur mandat ainsi que les revenus des activités en lien avec celui-ci.","<b>Amendement CSPO, CVPO et PDCVr</b><br/>La transparence du financement de la vie politique est garantie. (Biffer la suite)",39,78,5,Transparence du financement des partis politiques,Débats préliminaires - Commission 2,,Amendements Commission 2_Abänderungsanträge Kommission 2.pdf
53,Vote _2020-9-3_16-41-20.xls,2020-09-03 16:41:20,2020-09-03 16:41:36,Entrée en matière / Eintreten,20200903164120,Accepter,Refuser,,,103,12,5,,Débats préliminaires - Commission 3,,Amendements Commission 3_Abänderungsanträge Kommission 3.pdf
13,Vote _2020-9-3_16-41-58.xls,2020-09-03 16:41:58,2020-09-03 16:42:14,Proposition du Bureau OUI / NON,20200903164158,Accepter,Refuser,,,97,18,6,,Débats préliminaires - Commission 3,,Amendements Commission 3_Abänderungsanträge Kommission 3.pdf
22,Vote _2020-9-4_10-28-28.xls,2020-09-04 10:28:28,2020-09-04 10:28:44,"A.1 / A.2 / A.3, vote 1 : Commission contre concept CVPO et CSPO",20200904102828,Accepter,Refuser,,,75,44,1,,Débats préliminaires - Commission 3,,Amendements Commission 3_Abänderungsanträge Kommission 3.pdf
32,Vote _2020-9-4_10-29-21.xls,2020-09-04 10:29:21,2020-09-04 10:29:37,"A.4, vote 1 : AC contre SVPO (Kreuzer) et UDC",20200904102921,Accepter,Refuser,,,51,35,33,,Débats préliminaires - Commission 3,,Amendements Commission 3_Abänderungsanträge Kommission 3.pdf
7,Vote _2020-9-4_10-30-7.xls,2020-09-04 10:30:07,2020-09-04 10:30:23,"A.4, vote 2 : Commission contre résultat vote 1",20200904103007,Accepter,Refuser,<b>Proposition de la commission (A.4)</b></br>(Ne pas retenir ce principe),"<b>Amendement Appel Citoyen</b><br/>Chaque liste est composée d’au moins 40 pourcents d’hommes et de femmes. Ce principe est valable pour toutes les élections. La loi fixe les exceptions à cette règle et les sanctions encourues en cas de non-respect.<br/>
Disposition transitoire : Cette mesure prend effet dès la deuxième élection qui suit l’adoption de la nouvelle Constitution.",79,37,2,Représentation des genres sur les listes,Débats préliminaires - Commission 3,,Amendements Commission 3_Abänderungsanträge Kommission 3.pdf
101,Vote _2020-9-4_10-30-54.xls,2020-09-04 10:30:54,2020-09-04 10:31:10,"A.4, vote 3 : VLR contre F. Zurbriggen",20200904103054,Accepter,Refuser,,,90,26,4,,Débats préliminaires - Commission 3,,Amendements Commission 3_Abänderungsanträge Kommission 3.pdf
46,Vote _2020-9-4_10-32-12.xls,2020-09-04 10:32:12,2020-09-04 10:32:28,A.5 : Commission contre PS-GC,20200904103212,Accepter,Refuser,,,94,25,1,,Débats préliminaires - Commission 3,,Amendements Commission 3_Abänderungsanträge Kommission 3.pdf
50,Vote _2020-9-4_10-33-47.xls,2020-09-04 10:33:47,2020-09-04 10:33:49,"A.4, vote 4 : Commission contre résultat vote 3",20200904103347,Accepter,Refuser,,,9,33,1,,Débats préliminaires - Commission 3,,Amendements Commission 3_Abänderungsanträge Kommission 3.pdf
42,Vote _2020-9-4_10-33-52.xls,2020-09-04 10:33:52,2020-09-04 10:34:07,"A.4, vote 4 : Commission contre résultat vote 3",20200904103352,Accepter,Refuser,,,34,78,6,,Débats préliminaires - Commission 3,,Amendements Commission 3_Abänderungsanträge Kommission 3.pdf
23,Vote _2020-9-4_10-35-3.xls,2020-09-04 10:35:03,2020-09-04 10:35:13,"A.4, vote 3 : VLR contre F. Zurbriggen",20200904103503,Accepter,Refuser,,,85,31,2,,Débats préliminaires - Commission 3,,Amendements Commission 3_Abänderungsanträge Kommission 3.pdf
35,Vote _2020-9-4_10-35-30.xls,2020-09-04 10:35:30,2020-09-04 10:35:46,B.1 : Commission contre SVPO (Zurbriggen),20200904103530,Accepter,Refuser,,,84,30,5,,Débats préliminaires - Commission 3,,Amendements Commission 3_Abänderungsanträge Kommission 3.pdf
20,Vote _2020-9-4_10-36-29.xls,2020-09-04 10:36:29,2020-09-04 10:36:45,"B.2, vote 1 : CVPO et PDCVr contre UDC",20200904103629,Accepter,Refuser,,,94,20,6,,Débats préliminaires - Commission 3,,Amendements Commission 3_Abänderungsanträge Kommission 3.pdf
52,Vote _2020-9-4_10-37-12.xls,2020-09-04 10:37:12,2020-09-04 10:37:28,"B.2, vote 2 : Commission contre résultat vote 1",20200904103712,Accepter,Refuser,,,27,85,8,,Débats préliminaires - Commission 3,,Amendements Commission 3_Abänderungsanträge Kommission 3.pdf
77,Vote _2020-9-4_10-37-58.xls,2020-09-04 10:37:58,2020-09-04 10:38:14,B.3 : Commission contre UDC et SVPO (Zurbriggen),20200904103758,Accepter,Refuser,,,91,26,3,,Débats préliminaires - Commission 3,,Amendements Commission 3_Abänderungsanträge Kommission 3.pdf
61,Vote _2020-9-4_11-39-4.xls,2020-09-04 11:39:04,2020-09-04 11:39:20,C.1 : Commission contre minorité MC.1,20200904113904,Accepter,Refuser,,,47,71,1,Droit de vote à 16 ans,Débats préliminaires - Commission 3,,Amendements Commission 3_Abänderungsanträge Kommission 3.pdf
34,Vote _2020-9-4_11-39-47.xls,2020-09-04 11:39:47,2020-09-04 11:40:03,C.2 : Commission contre minorité MC.2,20200904113947,Accepter,Refuser,,,47,71,1,,Débats préliminaires - Commission 3,,Amendements Commission 3_Abänderungsanträge Kommission 3.pdf
10,Vote _2020-9-4_11-40-44.xls,2020-09-04 11:40:44,2020-09-04 11:41:00,D.1 : Commission contre minorité MD.1,20200904114044,Accepter,Refuser,,,47,71,2,,Débats préliminaires - Commission 3,,Amendements Commission 3_Abänderungsanträge Kommission 3.pdf
86,Vote _2020-9-4_11-41-21.xls,2020-09-04 11:41:21,2020-09-04 11:41:37,D.2 : Commission contre minorité MD.2,20200904114121,Accepter,Refuser,,,55,63,2,Droit de vote des étrangers au plan communal,Débats préliminaires - Commission 3,,Amendements Commission 3_Abänderungsanträge Kommission 3.pdf
51,Vote _2020-9-4_11-42-18.xls,2020-09-04 11:42:18,2020-09-04 11:42:34,"D.3, vote 1 : Commission contre Verts, ZW et AC",20200904114218,Accepter,Refuser,,,41,69,9,,Débats préliminaires - Commission 3,,Amendements Commission 3_Abänderungsanträge Kommission 3.pdf
47,Vote _2020-9-4_11-43-9.xls,2020-09-04 11:43:09,2020-09-04 11:43:25,"D.3, vote 2 : résultat vote 1 contre minorité MD.3.b)",20200904114309,Accepter,Refuser,,,46,71,2,,Débats préliminaires - Commission 3,,Amendements Commission 3_Abänderungsanträge Kommission 3.pdf
79,Vote _2020-9-4_11-44-2.xls,2020-09-04 11:44:02,2020-09-04 11:44:18,"E.1, vote 1 : UDC contre PDCVr",20200904114402,Accepter,Refuser,,,22,90,5,,Débats préliminaires - Commission 3,,Amendements Commission 3_Abänderungsanträge Kommission 3.pdf
30,Vote _2020-9-4_11-44-43.xls,2020-09-04 11:44:43,2020-09-04 11:44:59,"E.1, vote 2 : Commission contre résultat vote 1",20200904114443,Accepter,Refuser,,,36,80,3,,Débats préliminaires - Commission 3,,Amendements Commission 3_Abänderungsanträge Kommission 3.pdf
73,Vote _2020-9-4_12-10-0.xls,2020-09-04 12:10:00,2020-09-04 12:10:16,"F.3, vote 1 : concept PS-GC et CSPO contre concept SVPO (Kreuzer) et CVPO",20200904121000,Accepter,Refuser,,,38,31,44,,Débats préliminaires - Commission 3,,Amendements Commission 3_Abänderungsanträge Kommission 3.pdf
17,Vote _2020-9-4_12-10-44.xls,2020-09-04 12:10:44,2020-09-04 12:11:00,"F.3, vote 2 : commission contre résultat vote 1",20200904121044,Accepter,Refuser,,,80,33,4,,Débats préliminaires - Commission 3,,Amendements Commission 3_Abänderungsanträge Kommission 3.pdf
80,Vote _2020-9-4_12-11-34.xls,2020-09-04 12:11:34,2020-09-04 12:11:50,"F.4, vote 1 : Commission contre CVPO et PDCVr",20200904121134,Accepter,Refuser,,,63,50,4,,Débats préliminaires - Commission 3,,Amendements Commission 3_Abänderungsanträge Kommission 3.pdf
69,Vote _2020-9-4_12-12-15.xls,2020-09-04 12:12:15,2020-09-04 12:12:31,"F.4, vote 2 : résultat vote 1 contre AC",20200904121215,Accepter,Refuser,"<b>Proposition de la commission (F.4)</b><br/>L’élection de la députation au Conseil des Etats se fait selon le système majoritaire, mais sans scrutin de liste.","<b>Amendement Appel Citoyen</b><br/>La députation au Conseil des Etats se compose d’un homme et d’une femme. L’élection de la députation se fait en deux scrutins séparés, l’un pour l’élection de l’homme et l’autre pour l’élection de la femme, selon le système majoritaire, mais sans scrutin de liste.",86,32,1,Conseil des Etats : 1 homme et 1 femme,Débats préliminaires - Commission 3,,Amendements Commission 3_Abänderungsanträge Kommission 3.pdf
57,Vote _2020-9-4_12-37-51.xls,2020-09-04 12:37:51,2020-09-04 12:38:07,G.1 : Commission contre concept Farquet / Chablais,20200904123751,Accepter,Refuser,,,106,9,3,,Débats préliminaires - Commission 3,,Amendements Commission 3_Abänderungsanträge Kommission 3.pdf
3,Vote _2020-9-4_12-38-43.xls,2020-09-04 12:38:43,2020-09-04 12:38:59,"G.3, vote 1 : Commission contre PS-GC",20200904123843,Accepter,Refuser,,,88,29,2,,Débats préliminaires - Commission 3,,Amendements Commission 3_Abänderungsanträge Kommission 3.pdf
81,Vote _2020-9-4_12-39-21.xls,2020-09-04 12:39:21,2020-09-04 12:39:37,"G.3, vote 2 : Commission contre UDC",20200904123921,Accepter,Refuser,,,98,21,0,,Débats préliminaires - Commission 3,,Amendements Commission 3_Abänderungsanträge Kommission 3.pdf
49,Vote _2020-9-4_12-40-5.xls,2020-09-04 12:40:05,2020-09-04 12:40:21,G.5 : Commission contre AC et PS-GC,20200904124005,Accepter,Refuser,,,75,38,6,,Débats préliminaires - Commission 3,,Amendements Commission 3_Abänderungsanträge Kommission 3.pdf
1,Vote _2020-9-4_12-41-2.xls,2020-09-04 12:41:02,2020-09-04 12:41:18,"I.1, vote 1 : UDC contre VLR",20200904124102,Accepter,Refuser,,,60,30,28,,Débats préliminaires - Commission 3,,Amendements Commission 3_Abänderungsanträge Kommission 3.pdf
83,Vote _2020-9-4_12-41-39.xls,2020-09-04 12:41:39,2020-09-04 12:41:55,"I.1, vote 2 : Commission contre résultat vote 1",20200904124139,Accepter,Refuser,,,83,32,3,,Débats préliminaires - Commission 3,,Amendements Commission 3_Abänderungsanträge Kommission 3.pdf
55,Vote _2020-9-4_12-42-35.xls,2020-09-04 12:42:35,2020-09-04 12:42:51,"J.1, vote 1 : Commission = CVPO OUI / NON",20200904124235,Accepter,Refuser,,,117,2,0,,Débats préliminaires - Commission 3,,Amendements Commission 3_Abänderungsanträge Kommission 3.pdf
94,Vote _2020-9-4_12-43-12.xls,2020-09-04 12:43:12,2020-09-04 12:43:28,J.1bis : vote UDC OUI / NON,20200904124312,Accepter,Refuser,,,57,48,13,,Débats préliminaires - Commission 3,,Amendements Commission 3_Abänderungsanträge Kommission 3.pdf